text,label
Taxes Extra material,not_dish
Cold sport,not_dish
*,not_dish
Hot executive,not_dish
Hot sell,not_dish
Mutton Korma,dish
Add-ons Mrs,not_dish
Extra Cheese somebody,not_dish
Price Varies skin,not_dish
Cold energy,not_dish
Extra Cheese may,not_dish
Entry Restricted,not_dish
Fish Fry,dish
Butter Chicken,dish
Served Daily behavior,not_dish
No Onion modern,not_dish
Taxes Extra street,not_dish
Fish Fry,dish
Mutton Korma,dish
Call 9999999999,not_dish
Chef's Special task,not_dish
Served Daily foot,not_dish
Taxes Extra exist,not_dish
Combo Offer produce,not_dish
Sushi Roll,dish
Taxes Extra against,not_dish
Served Daily health,not_dish
Paneer Frankie,dish
Lamb Curry,dish
Add-ons development,not_dish
Dal Makhani,dish
Margherita Pizza,dish
Lamb Curry,dish
Margherita Pizza,dish
Hot rise,not_dish
Butter Chicken,dish
Spicy about,not_dish
Add-ons something,not_dish
No Onion when,not_dish
Hot focus,not_dish
Chicken Biryani,dish
Lamb Curry,dish
Taxes Extra more,not_dish
Khichdi,dish
Tandoori Roti,dish
Cold whether,not_dish
Add-ons perform,not_dish
Served Daily likely,not_dish
Taxes Extra organization,not_dish
Dal Makhani,dish
Page 2,not_dish
Lamb Curry,dish
Egg Curry,dish
Chef's Special almost,not_dish
Cold bring,not_dish
Taxes Extra society,not_dish
New Arrival also,not_dish
Spicy despite,not_dish
Dal Makhani,dish
Chicken Biryani,dish
Hot teach,not_dish
Pay Later,not_dish
Served Daily technology,not_dish
Fish Fry,dish
Mutton Korma,dish
Paneer Tikka,dish
Add-ons land,not_dish
Sushi Roll,dish
Hot really,not_dish
Tandoori Roti,dish
Sushi Roll,dish
Paneer Tikka,dish
Egg Bhurji Pav,dish
Hot anyone,not_dish
Served Daily free,not_dish
Serving Size reason,not_dish
Cold nation,not_dish
Butter Chicken,dish
Add-ons produce,not_dish
Hot quite,not_dish
Served Daily able,not_dish
Chicken Handi,dish
Mutton Korma,dish
Dal Makhani,dish
Served Daily heavy,not_dish
Fish Fry,dish
Taxes Extra say,not_dish
Tandoori Roti,dish
Cold western,not_dish
Sushi Roll,dish
Extra Cheese while,not_dish
Tandoori Roti,dish
Fish Fry,dish
Tandoori Roti,dish
Paneer Tikka,dish
Extra Cheese three,not_dish
Lamb Curry,dish
Mutton Korma,dish
Margherita Pizza,dish
Butter Chicken,dish
Serving Size although,not_dish
Chef's Special Mrs,not_dish
Butter Chicken,dish
Hot article,not_dish
Served Daily thousand,not_dish
Margherita Pizza,dish
Add-ons physical,not_dish
Combo Offer continue,not_dish
New Arrival respond,not_dish
Dal Makhani,dish
Butter Chicken,dish
Review Here,not_dish
Lamb Curry,dish
Served Daily camera,not_dish
Paneer Tikka,dish
New Arrival total,not_dish
Falooda,dish
Paneer Tikka,dish
Combo Offer better,not_dish
Cold here,not_dish
Cold he,not_dish
Mutton Korma,dish
Chef's Special part,not_dish
Dal Makhani,dish
Dal Makhani,dish
Fish Fry,dish
Margherita Pizza,dish
Dal Makhani,dish
Chicken Biryani,dish
Margherita Pizza,dish
Paneer Tikka,dish
Cold hope,not_dish
Chicken Biryani,dish
Hot third,not_dish
Dal Makhani,dish
Sushi Roll,dish
Fish Fry,dish
Extra Cheese soldier,not_dish
New Arrival government,not_dish
Serving Size present,not_dish
Dal Makhani,dish
Mutton Korma,dish
Shev Bhaji,dish
Besan Chilla,dish
Extra Cheese these,not_dish
Sushi Roll,dish
Chef's Special north,not_dish
Combo Offer size,not_dish
Lamb Curry,dish
Add-ons loss,not_dish
Margherita Pizza,dish
Taxes Extra environmental,not_dish
Margherita Pizza,dish
Lamb Curry,dish
Served Daily himself,not_dish
Pesto Pasta,dish
Butter Chicken,dish
Sushi Roll,dish
Spicy know,not_dish
Butter Chicken,dish
Tandoori Roti,dish
Tandoori Roti,dish
Combo Offer situation,not_dish
Spicy federal,not_dish
Mutton Korma,dish
Chicken Biryani,dish
No Onion shoulder,not_dish
Lamb Curry,dish
Margherita Pizza,dish
Mutton Korma,dish
Serving Size the,not_dish
Dal Makhani,dish
Margherita Pizza,dish
Fish Fry,dish
Margherita Pizza,dish
Spicy determine,not_dish
Combo Offer main,not_dish
Margherita Pizza,dish
Add-ons often,not_dish
Margherita Pizza,dish
Extra Cheese station,not_dish
Paneer Tikka,dish
Spicy travel,not_dish
Tandoori Roti,dish
Taxes Extra affect,not_dish
Tandoori Roti,dish
Lamb Curry,dish
Mutton Korma,dish
Bill Before Order,not_dish
Hot enter,not_dish
Chicken Biryani,dish
Spicy success,not_dish
Chicken Biryani,dish
Sushi Roll,dish
Sushi Roll,dish
Served Daily study,not_dish
Margherita Pizza,dish
Price Varies series,not_dish
Margherita Pizza,dish
Serving Size bit,not_dish
Butter Chicken,dish
Cold stage,not_dish
Serving Size federal,not_dish
Taxes Extra chance,not_dish
Lamb Curry,dish
Mutton Korma,dish
Extra Cheese official,not_dish
Fish Fry,dish
Add-ons role,not_dish
Lamb Curry,dish
Serving Size far,not_dish
Butter Chicken,dish
Mutton Korma,dish
Extra Cheese important,not_dish
Sushi Roll,dish
Lamb Curry,dish
Chef's Special popular,not_dish
Price Varies under,not_dish
Price Varies quite,not_dish
Dal Makhani,dish
Dal Makhani,dish
Margherita Pizza,dish
Sushi Roll,dish
Manager,not_dish
Dal Makhani,dish
Butter Chicken,dish
Paneer Tikka,dish
Add-ons ready,not_dish
Chicken Biryani,dish
Served Daily memory,not_dish
Rewards,not_dish
Dal Makhani,dish
Chicken Biryani,dish
Hot thus,not_dish
Chef's Special drive,not_dish
Sushi Roll,dish
Jalebi,dish
Cold exactly,not_dish
Sushi Roll,dish
Corn Cheese Balls,dish
Price Varies later,not_dish
Hot discussion,not_dish
Mutton Korma,dish
Sushi Roll,dish
Margherita Pizza,dish
Sushi Roll,dish
Lamb Curry,dish
Tandoori Roti,dish
Combo Offer collection,not_dish
Extra Cheese often,not_dish
Spicy often,not_dish
Dal Dhokli,dish
Extra Cheese western,not_dish
Sushi Roll,dish
Tandoori Roti,dish
Serving Size fire,not_dish
Served Daily administration,not_dish
Sushi Roll,dish
Hot anyone,not_dish
Add-ons camera,not_dish
Taxes Extra goal,not_dish
Paneer Tikka,dish
Sushi Roll,dish
Served Daily wrong,not_dish
Butter Chicken,dish
Dal Makhani,dish
Fish Fry,dish
New Arrival article,not_dish
Veg Shepherd’s Pie,dish
Combo Offer carry,not_dish
Dal Makhani,dish
Extra Cheese conference,not_dish
Serving Size visit,not_dish
Fish Fry,dish
Serving Size world,not_dish
Served Daily able,not_dish
Taxes Extra painting,not_dish
Spicy single,not_dish
Serving Size provide,not_dish
No Onion positive,not_dish
Cold teacher,not_dish
Sushi Roll,dish
Cold student,not_dish
Paneer Tikka,dish
Add-ons make,not_dish
Price Varies treatment,not_dish
Dal Makhani,dish
Taxes Extra analysis,not_dish
Cold age,not_dish
Chicken Biryani,dish
Paneer Tikka,dish
Add-ons myself,not_dish
Paneer Tikka,dish
New Arrival detail,not_dish
Lamb Curry,dish
Paneer Tikka,dish
Tandoori Roti,dish
Margherita Pizza,dish
Spicy sometimes,not_dish
Combo Offer garden,not_dish
Mutton Korma,dish
Butter Chicken,dish
Hot fine,not_dish
Butter Chicken,dish
Serving Size spend,not_dish
Combo Offer car,not_dish
Paneer Tikka,dish
Dal Makhani,dish
Fish Fry,dish
Add-ons candidate,not_dish
Serving Size commercial,not_dish
Serving Size whole,not_dish
Fish Fry,dish
Sushi Roll,dish
New Arrival apply,not_dish
Last Order 9:45pm,not_dish
Margherita Pizza,dish
New Arrival stay,not_dish
Add-ons strong,not_dish
Dinner Deal,not_dish
Paneer Tikka,dish
Mutton Korma,dish
Combo Offer green,not_dish
New Arrival fact,not_dish
Serving Size provide,not_dish
Chicken Biryani,dish
Taxes Extra public,not_dish
Chef's Special add,not_dish
Cold everybody,not_dish
Paneer Tikka,dish
Fish Fry,dish
Cold issue,not_dish
Chef's Special work,not_dish
Margherita Pizza,dish
Sushi Roll,dish
Chef's Special wonder,not_dish
Tandoori Roti,dish
Tandoori Roti,dish
Paneer Tikka,dish
Served Daily traditional,not_dish
Dal Makhani,dish
Serving Size easy,not_dish
Combo Offer central,not_dish
New Arrival behavior,not_dish
Lamb Curry,dish
Bulk Order,not_dish
Tandoori Roti,dish
Price Varies establish,not_dish
Paneer Tikka,dish
Chicken Biryani,dish
OPEN,not_dish
Chef's Special true,not_dish
Fish Fry,dish
Price Varies travel,not_dish
Sushi Roll,dish
Sushi Roll,dish
Butter Chicken,dish
Price Varies adult,not_dish
Extra Cheese book,not_dish
New Arrival quite,not_dish
Price Varies after,not_dish
Tandoori Roti,dish
Fish Fry,dish
Veg Fried Rice,dish
Lamb Curry,dish
Dal Makhani,dish
Fish Fry,dish
Hot ten,not_dish
New Arrival himself,not_dish
Chef's Special place,not_dish
Taxes Extra where,not_dish
Lamb Curry,dish
No Onion condition,not_dish
Paneer Tikka,dish
Tandoori Roti,dish
Taxes Extra paper,not_dish
Cold year,not_dish
Crispy Corn,dish
Cold forget,not_dish
Tandoori Roti,dish
Tandoori Roti,dish
Combo Offer laugh,not_dish
Add-ons expect,not_dish
Dal Makhani,dish
Spicy force,not_dish
Serving Size popular,not_dish
Price Varies article,not_dish
No Onion picture,not_dish
Margherita Pizza,dish
Chicken Biryani,dish
Lamb Curry,dish
Sushi Roll,dish
Combo Offer support,not_dish
Spicy manager,not_dish
Chef's Special what,not_dish
Tandoori Roti,dish
Tandoori Roti,dish
New Arrival whom,not_dish
Butter Chicken,dish
Margherita Pizza,dish
Fish Fry,dish
Mutton Korma,dish
Mutton Korma,dish
Serving Size second,not_dish
Sushi Roll,dish
Price Varies single,not_dish
Lamb Curry,dish
Taxes Extra official,not_dish
Mutton Korma,dish
Lamb Curry,dish
Peking Duck,dish
Combo Offer expect,not_dish
Serving Size pretty,not_dish
Taxes Extra kid,not_dish
Dal Makhani,dish
Tandoori Roti,dish
Serving Size natural,not_dish
Table Number,not_dish
Price Varies training,not_dish
Served Daily between,not_dish
Tandoori Roti,dish
Served Daily majority,not_dish
Served Daily fill,not_dish
Spicy yard,not_dish
Taxes Extra majority,not_dish
Tandoori Roti,dish
Half Plate,not_dish
Extra Cheese pull,not_dish
Fish Fry,dish
Chicken Biryani,dish
Taxes Extra remember,not_dish
Mutton Korma,dish
Tandoori Roti,dish
Tandoori Roti,dish
Hot add,not_dish
Cold become,not_dish
Served Daily hope,not_dish
Served Daily clearly,not_dish
Chicken Biryani,dish
Margherita Pizza,dish
Dal Makhani,dish
Murgh Malai,dish
Dal Makhani,dish
No Onion simply,not_dish
Add-ons prepare,not_dish
Served Daily area,not_dish
Served Daily news,not_dish
Serving Size more,not_dish
Sushi Roll,dish
Tandoori Roti,dish
Sushi Roll,dish
Fish Fry,dish
Butter Chicken,dish
Mutton Korma,dish
Cold about,not_dish
Margherita Pizza,dish
Paneer Tikka,dish
Mutton Korma,dish
Add-ons sense,not_dish
Butter Chicken,dish
Add-ons wall,not_dish
New Arrival rise,not_dish
Sushi Roll,dish
Cold Coffee,dish
Serving Size but,not_dish
Hot away,not_dish
Chicken Biryani,dish
Served Daily share,not_dish
Mutton Korma,dish
Combo Offer best,not_dish
Tandoori Roti,dish
Butter Chicken,dish
Bill Details,not_dish
Combo Offer structure,not_dish
Price Varies side,not_dish
Served Daily yard,not_dish
Dal Makhani,dish
Dal Makhani,dish
Chef's Special majority,not_dish
Mutton Korma,dish
Tandoori Roti,dish
Serving Size bit,not_dish
Mutton Korma,dish
Serving Size drive,not_dish
Extra Cheese sister,not_dish
Extra Cheese trouble,not_dish
Butter Chicken,dish
No Onion Republican,not_dish
Serving Size money,not_dish
Dal Makhani,dish
Serving Size into,not_dish
Combo Offer value,not_dish
Served Daily line,not_dish
Fish Fry,dish
Combo Offer decision,not_dish
Tandoori Roti,dish
Sushi Roll,dish
New Arrival firm,not_dish
Extra Cheese ever,not_dish
Lamb Curry,dish
Served Daily me,not_dish
Fish Fry,dish
Extra Cheese exactly,not_dish
Fruit Custard,dish
No Onion win,not_dish
Hot relate,not_dish
Sushi Roll,dish
Chicken Chettinad,dish
Extra Cheese prepare,not_dish
Sticky Toffee Pudding,dish
Dal Makhani,dish
Spicy avoid,not_dish
Pickup Only,not_dish
Chicken Biryani,dish
Serving Size contain,not_dish
Prawn Koliwada,dish
New Arrival machine,not_dish
Tandoori Roti,dish
Sushi Roll,dish
Fish Fry,dish
Hot assume,not_dish
Chef's Special at,not_dish
Chef's Special grow,not_dish
Add-ons happen,not_dish
Extra Cheese water,not_dish
Mutton Korma,dish
Fish Fry,dish
Chef's Special life,not_dish
Extra Cheese hit,not_dish
Paneer Tikka,dish
Spicy computer,not_dish
Margherita Pizza,dish
Chicken Biryani,dish
Extra Cheese lose,not_dish
Dal Makhani,dish
Chef's Special leave,not_dish
Lamb Curry,dish
Hot whole,not_dish
Hot stage,not_dish
Extra Cheese check,not_dish
Fish Fry,dish
Margherita Pizza,dish
Sushi Roll,dish
Dine-In Only,not_dish
Sushi Roll,dish
Cold clear,not_dish
Thai Green Curry,dish
Price Varies western,not_dish
Paneer Tikka,dish
Cold nor,not_dish
Sushi Roll,dish
Lamb Curry,dish
Price Varies until,not_dish
Chef's Special through,not_dish
Spicy positive,not_dish
Lamb Curry,dish
Margherita Pizza,dish
Chicken Biryani,dish
Chicken Biryani,dish
Extra Cheese box,not_dish
Dal Makhani,dish
Lamb Curry,dish
Taxes Extra certainly,not_dish
Price Varies deep,not_dish
Served Daily positive,not_dish
Chef's Special control,not_dish
Price Varies production,not_dish
Sushi Roll,dish
Paneer Tikka,dish
Price Varies field,not_dish
Sushi Roll,dish
Paneer Tikka,dish
Lamb Curry,dish
Mutton Korma,dish
Chicken Schnitzel,dish
Fish Fry,dish
Sushi Roll,dish
Paneer Tikka,dish
Spicy exist,not_dish
Mutton Korma,dish
Mutton Korma,dish
Sambar Dosa,dish
Chicken Biryani,dish
Chicken Biryani,dish
Combo Offer receive,not_dish
Spicy eye,not_dish
Extra Cheese long,not_dish
Butter Chicken,dish
Margherita Pizza,dish
Cold work,not_dish
Chef's Special five,not_dish
Combo Offer memory,not_dish
Butter Chicken,dish
New Arrival alone,not_dish
Combo Offer population,not_dish
Add-ons staff,not_dish
Fish Fry,dish
Paneer Tikka,dish
Combo Offer voice,not_dish
Margherita Pizza,dish
Butter Chicken,dish
Serving Size evidence,not_dish
Spicy PM,not_dish
Sushi Roll,dish
Spicy call,not_dish
Chef's Special save,not_dish
Taxes Extra rich,not_dish
Butter Chicken,dish
Chef's Special yes,not_dish
Serving Size card,not_dish
Chef's Special himself,not_dish
Margherita Pizza,dish
Price Varies have,not_dish
Paneer Tikka,dish
Tandoori Roti,dish
Lamb Curry,dish
Margherita Pizza,dish
Sushi Roll,dish
Paneer Tikka,dish
Paneer Tikka,dish
Butter Chicken,dish
Taxes Extra near,not_dish
Spicy indicate,not_dish
Chicken Biryani,dish
Serving Size where,not_dish
Price Varies thank,not_dish
Lamb Curry,dish
Fish Fry,dish
Serving Size treatment,not_dish
Hot idea,not_dish
Hot result,not_dish
AC Hall,not_dish
Served Daily outside,not_dish
Serving Size compare,not_dish
Margherita Pizza,dish
Chef's Special box,not_dish
Hot marriage,not_dish
Lamb Curry,dish
Combo Offer foot,not_dish
Fish Fry,dish
OTP Required,not_dish
No Onion green,not_dish
Cold officer,not_dish
Cold must,not_dish
Spicy sell,not_dish
Fish Fry,dish
Fish Fry,dish
Hot suffer,not_dish
Cold international,not_dish
Chef's Special term,not_dish
Mutton Korma,dish
No Onion section,not_dish
Chicken Biryani,dish
Order #4782,not_dish
Tandoori Roti,dish
Pre-Order,not_dish
Pepper Chicken,dish
Served Daily hit,not_dish
Sushi Roll,dish
Chicken Biryani,dish
Tandoori Roti,dish
Lamb Curry,dish
Taxes Extra career,not_dish
Chef's Special player,not_dish
Paneer Tikka,dish
Pre-Service,not_dish
New Arrival bad,not_dish
New Arrival career,not_dish
Taxes Extra always,not_dish
For Staff Only,not_dish
Chef's Special involve,not_dish
Paneer Tikka,dish
Cold whom,not_dish
Mutton Korma,dish
No Onion ahead,not_dish
Spicy both,not_dish
Lamb Curry,dish
Spicy among,not_dish
Butter Chicken,dish
Exclusive,not_dish
Hot near,not_dish
Tandoori Roti,dish
Lamb Curry,dish
Cold prevent,not_dish
No Service Charge,not_dish
Lamb Curry,dish
Cold move,not_dish
Price Varies then,not_dish
Sushi Roll,dish
Chicken Biryani,dish
Paneer Pasanda,dish
Cold turn,not_dish
Combo Offer whose,not_dish
Sushi Roll,dish
Fish Fry,dish
New Arrival whether,not_dish
Festival Offer,not_dish
Paneer Tikka,dish
Add-ons community,not_dish
Fish Fry,dish
Mutton Korma,dish
Chef's Special church,not_dish
Taxes Extra choose,not_dish
Chef's Special have,not_dish
New Arrival someone,not_dish
Mutton Korma,dish
Chef's Special how,not_dish
Served Daily either,not_dish
Fish Fry,dish
Butter Chicken,dish
Spicy include,not_dish
Tandoori Roti,dish
Served Daily chair,not_dish
Spicy side,not_dish
Mutton Korma,dish
Butter Chicken,dish
Sushi Roll,dish
Cold rock,not_dish
Taxes Extra organization,not_dish
House Special,not_dish
Taxes Extra keep,not_dish
Fish Fry,dish
Cold investment,not_dish
Mutton Korma,dish
Tandoori Roti,dish
Chef's Special painting,not_dish
Chicken Biryani,dish
No Service,not_dish
Sushi Roll,dish
Chef's Special we,not_dish
Add-ons somebody,not_dish
Mutton Korma,dish
Chicken Biryani,dish
No Onion accept,not_dish
Paneer Tikka,dish
Hot coach,not_dish
Price Varies cost,not_dish
Sushi Roll,dish
Mutton Korma,dish
Combo Offer million,not_dish
Margherita Pizza,dish
Hot attention,not_dish
Butter Chicken,dish
Lamb Curry,dish
Cold among,not_dish
Fried Rice,dish
Margherita Pizza,dish
Butter Chicken,dish
Spicy customer,not_dish
Hot series,not_dish
Serving Size consumer,not_dish
Chef's Special well,not_dish
Chef's Special work,not_dish
Margherita Pizza,dish
No Onion protect,not_dish
Cold side,not_dish
Margherita Pizza,dish
No Onion bag,not_dish
Cold real,not_dish
Paneer Tikka,dish
Chef's Special education,not_dish
Butter Chicken,dish
One by Two,not_dish
Dal Makhani,dish
Spicy door,not_dish
Margherita Pizza,dish
Chef's Special involve,not_dish
Served Daily effort,not_dish
Chicken Biryani,dish
Margherita Pizza,dish
Margherita Pizza,dish
Extra Cheese study,not_dish
Tandoori Roti,dish
Serving Size teacher,not_dish
Price Varies against,not_dish
Tandoori Roti,dish
New Arrival young,not_dish
Fish Fry,dish
Chef's Special protect,not_dish
Extra Cheese such,not_dish
Chef Name,not_dish
Cold store,not_dish
Dal Makhani,dish
Lamb Curry,dish
Chef's Special enter,not_dish
Margherita Pizza,dish
Spicy Mrs,not_dish
Combo Offer rich,not_dish
Taxes Extra measure,not_dish
Serving Size us,not_dish
Extra Cheese agree,not_dish
Taxes Extra heart,not_dish
Serving Size you,not_dish
Tandoori Roti,dish
Paneer Tikka,dish
Mutton Korma,dish
Paneer Tikka,dish
Dal Makhani,dish
Combo Offer including,not_dish
Serving Size foreign,not_dish
Mutton Korma,dish
No Onion card,not_dish
Served Daily large,not_dish
Lamb Curry,dish
Dal Khichdi,dish
Sushi Roll,dish
Cold image,not_dish
Margherita Pizza,dish
Chicken Biryani,dish
Butter Chicken,dish
Tandoori Roti,dish
Combo Offer truth,not_dish
Lamb Curry,dish
New Arrival enjoy,not_dish
Hot include,not_dish
Add-ons food,not_dish
Dal Makhani,dish
Hot treatment,not_dish
Chef's Special stop,not_dish
Chicken Biryani,dish
Chef's Special personal,not_dish
Taxes Extra usually,not_dish
Chicken Biryani,dish
Fish Fry,dish
Served Daily wife,not_dish
Dal Makhani,dish
Combo Offer should,not_dish
Sushi Roll,dish
Fish Fry,dish
Hot anyone,not_dish
Hot relate,not_dish
Serving Size develop,not_dish
Not For Sale,not_dish
Margherita Pizza,dish
Chicken Biryani,dish
Butter Chicken,dish
Serving Size effort,not_dish
Mutton Keema,dish
Price Varies response,not_dish
Mutton Korma,dish
Fish Fry,dish
Chef's Special effect,not_dish
Dal Makhani,dish
Fish and Chips,dish
Butter Chicken,dish
Paneer Tikka,dish
Chicken Biryani,dish
No Onion box,not_dish
Tandoori Roti,dish
Dal Makhani,dish
Taxes Extra yes,not_dish
Dal Makhani,dish
No Onion rock,not_dish
Add-ons note,not_dish
Price Varies experience,not_dish
Chicken Stroganoff,dish
No Onion unit,not_dish
Tandoori Roti,dish
Butter Chicken,dish
Fish Fry,dish
Dal Makhani,dish
Extra Cheese ten,not_dish
Mutton Korma,dish
Fish Fry,dish
Tandoori Roti,dish
Spicy employee,not_dish
No Onion century,not_dish
Page 4,not_dish
Dal Makhani,dish
Tandoori Roti,dish
Taxes Extra moment,not_dish
Mutton Korma,dish
Sushi Roll,dish
Butter Chicken,dish
Price Varies debate,not_dish
Butter Chicken,dish
Fish Fry,dish
New Arrival director,not_dish
Butter Chicken,dish
Cold series,not_dish
Fish Fry,dish
Served Daily forward,not_dish
Pindi Chole,dish
Taxes Extra finish,not_dish
Add-ons night,not_dish
Paneer Tikka,dish
Lamb Curry,dish
Lamb Curry,dish
Butter Chicken,dish
Serving Size operation,not_dish
Extra Cheese after,not_dish
Egg Toast,dish
Spicy reveal,not_dish
Cold moment,not_dish
Tandoori Roti,dish
Mutton Korma,dish
Margherita Pizza,dish
Mutton Korma,dish
New Arrival sure,not_dish
Dal Makhani,dish
Dhokla,dish
New Arrival figure,not_dish
Mutton Korma,dish
Hot nature,not_dish
Mutton Korma,dish
Hot challenge,not_dish
New Arrival country,not_dish
Grilled Fish,dish
Fish Fry,dish
Sushi Roll,dish
Aloo Tikki,dish
Taxes Extra determine,not_dish
Extra Cheese describe,not_dish
Tandoori Roti,dish
Mutton Korma,dish
Spicy popular,not_dish
Mutton Korma,dish
Price Varies hair,not_dish
Mutton Korma,dish
Price Varies mission,not_dish
Mutton Korma,dish
Fish Fry,dish
Chef's Special himself,not_dish
Mutton Korma,dish
Sushi Roll,dish
Serving Size from,not_dish
Sambhar Vada,dish
New Arrival cold,not_dish
Chicken Biryani,dish
Veg Cheese Grilled,dish
Dal Makhani,dish
Served Daily direction,not_dish
Spicy look,not_dish
Chicken Biryani,dish
Extra Cheese skill,not_dish
Butter Chicken,dish
Spicy color,not_dish
Lamb Curry,dish
Sushi Roll,dish
Cold south,not_dish
Spicy style,not_dish
Price Varies ahead,not_dish
Margherita Pizza,dish
Tandoori Roti,dish
Mutton Korma,dish
Chef's Special will,not_dish
Extra Cheese type,not_dish
Margherita Pizza,dish
Tandoori Veg Platter,dish
New Arrival fast,not_dish
Sushi Roll,dish
Butter Chicken,dish
Hot nice,not_dish
Butter Chicken,dish
Paneer Tikka,dish
Add-ons task,not_dish
New Arrival read,not_dish
Sushi Roll,dish
Taxes Extra once,not_dish
Chef's Special hour,not_dish
Cold guess,not_dish
Chicken Biryani,dish
Combo Offer task,not_dish
Tandoori Roti,dish
Mutton Korma,dish
Hot board,not_dish
Chef's Special bag,not_dish
Add-ons throughout,not_dish
Sushi Roll,dish
Add-ons assume,not_dish
Margherita Pizza,dish
Chicken Biryani,dish
Butter Chicken,dish
Lamb Curry,dish
Lamb Curry,dish
Chef's Special national,not_dish
Cold together,not_dish
Margherita Pizza,dish
Combo Offer suddenly,not_dish
Chicken Biryani,dish
Chicken Biryani,dish
Paneer Tikka,dish
Chef's Special always,not_dish
Show Less,not_dish
Tandoori Roti,dish
Tandoori Roti,dish
Vegetable Manchurian,dish
Tandoori Roti,dish
Dal Makhani,dish
Lamb Curry,dish
Taxes Extra traditional,not_dish
Lamb Curry,dish
Fish Fry,dish
Lamb Curry,dish
Paneer Tikka,dish
Extra Cheese not,not_dish
Dal Makhani,dish
Mutton Korma,dish
Spicy experience,not_dish
Butter Chicken,dish
Price Varies low,not_dish
Mutton Korma,dish
Lamb Curry,dish
Tandoori Roti,dish
Serving Size tend,not_dish
Extra Cheese color,not_dish
Dal Makhani,dish
Spicy itself,not_dish
New Arrival if,not_dish
Dal Makhani,dish
Taxes Extra after,not_dish
Lamb Curry,dish
Extra Cheese less,not_dish
Chicken Biryani,dish
Veggie Sub,dish
Chef's Special bill,not_dish
Spicy play,not_dish
Hot personal,not_dish
Cold those,not_dish
Hot however,not_dish
Mutton Korma,dish
Membership Offer,not_dish
Chef's Special stage,not_dish
Fish Fry,dish
Cold country,not_dish
Sambar Idli,dish
Fish Fry,dish
Price Varies loss,not_dish
Prawn Masala,dish
Served Daily audience,not_dish
Dal Makhani,dish
Price Varies individual,not_dish
Margherita Pizza,dish
Sushi Roll,dish
Cold song,not_dish
Hot resource,not_dish
Lamb Curry,dish
Cold run,not_dish
Sushi Roll,dish
Spicy class,not_dish
Serving Size white,not_dish
Chicken Biryani,dish
Paneer Tikka,dish
Spicy list,not_dish
Paneer Tikka,dish
Butter Chicken,dish
Mutton Korma,dish
Sushi Roll,dish
Mutton Korma,dish
Hot reduce,not_dish
Lamb Curry,dish
Schezwan Noodles,dish
New Arrival across,not_dish
New Arrival deal,not_dish
Paneer Tikka,dish
Spicy enough,not_dish
Dal Makhani,dish
Spicy find,not_dish
Cold design,not_dish
Mutton Korma,dish
Sushi Roll,dish
Sushi Roll,dish
Taxes Extra benefit,not_dish
Butter Chicken,dish
Fish Fry,dish
Sushi Roll,dish
Mutton Korma,dish
Lamb Curry,dish
Dal Makhani,dish
Taxes Extra state,not_dish
Chicken Biryani,dish
Serving Size opportunity,not_dish
Dal Makhani,dish
Sunday Closed,not_dish
Combo Offer bring,not_dish
Add-ons same,not_dish
Mutton Korma,dish
Fish Fry,dish
Combo Offer sea,not_dish
Chicken Biryani,dish
Dal Makhani,dish
Spicy girl,not_dish
Tandoori Roti,dish
No Onion spend,not_dish
No Onion source,not_dish
Price Varies they,not_dish
Dal Makhani,dish
Butter Chicken,dish
Margherita Pizza,dish
Price Varies rock,not_dish
Chicken Biryani,dish
Butter Chicken,dish
Combo Offer off,not_dish
Margherita Pizza,dish
Paneer Tikka,dish
Price Varies term,not_dish
Serving Size military,not_dish
Extra Spoons,not_dish
Margherita Pizza,dish
Combo Offer mother,not_dish
Spicy crime,not_dish
Price Varies material,not_dish
Add-ons fund,not_dish
Lamb Curry,dish
Paneer Tikka,dish
Spicy economy,not_dish
Combo Offer base,not_dish
Lamb Curry,dish
Cold author,not_dish
No Onion personal,not_dish
Sushi Roll,dish
Dal Makhani,dish
Dal Makhani,dish
Sushi Roll,dish
Cold instead,not_dish
Tandoori Roti,dish
Extra Cheese recent,not_dish
No MSG,not_dish
Taxes Extra worry,not_dish
Chef's Special create,not_dish
Chef's Special science,not_dish
Cold prevent,not_dish
Spicy can,not_dish
Hot growth,not_dish
Margherita Pizza,dish
Chicken Biryani,dish
No Reservation,not_dish
Hot specific,not_dish
Fish Fry,dish
Taxes Extra record,not_dish
Margherita Pizza,dish
Tandoori Roti,dish
Chicken Biryani,dish
Hot accept,not_dish
Serving Size idea,not_dish
Paneer Tikka,dish
Chicken Biryani,dish
Spicy memory,not_dish
Chicken Biryani,dish
Hot seven,not_dish
Chef's Special sell,not_dish
Dal Makhani,dish
Paneer Tikka,dish
New Arrival bill,not_dish
Chef's Special station,not_dish
Dal Makhani,dish
Sushi Roll,dish
Tandoori Roti,dish
Fish Fry,dish
Margherita Pizza,dish
Served Daily hospital,not_dish
Combo Offer firm,not_dish
Dal Makhani,dish
Sushi Roll,dish
Taxes Extra source,not_dish
Tandoori Roti,dish
New Arrival care,not_dish
Extra Cheese yourself,not_dish
Chicken Biryani,dish
QR Menu,not_dish
Paneer Tikka,dish
Masala Poori,dish
Lamb Curry,dish
Combo Offer theory,not_dish
Butter Chicken,dish
Chef's Special others,not_dish
Fish Fry,dish
Mutton Korma,dish
Mutton Korma,dish
Price Varies shoulder,not_dish
Margherita Pizza,dish
Cold camera,not_dish
Lamb Curry,dish
Served Daily indicate,not_dish
New Arrival arrive,not_dish
Cold rather,not_dish
Sushi Roll,dish
Taxes Extra but,not_dish
Chef's Special week,not_dish
Serving Size stage,not_dish
Non-Veg Only,not_dish
Combo Offer test,not_dish
No Onion east,not_dish
Add-ons member,not_dish
Cold or,not_dish
Dal Makhani,dish
Butter Chicken,dish
Margherita Pizza,dish
Dal Makhani,dish
Chicken Biryani,dish
Mutton Korma,dish
Fish Fry,dish
Tandoori Roti,dish
Butter Chicken,dish
Taxes Extra side,not_dish
Fish Fry,dish
Kadhai Mushroom,dish
Taxes Extra call,not_dish
Tandoori Roti,dish
Tandoori Roti,dish
Chana Dal Tadka,dish
Chicken Masala,dish
Served Daily response,not_dish
Margherita Pizza,dish
Mutton Korma,dish
No Onion trouble,not_dish
New Arrival beat,not_dish
Spicy very,not_dish
Add-ons much,not_dish
Hot two,not_dish
Tandoori Roti,dish
Served Daily loss,not_dish
Taxes Extra level,not_dish
Chef's Special take,not_dish
Mutton Korma,dish
Butter Chicken,dish
Chicken Wings,dish
Price Varies step,not_dish
Chicken Biryani,dish
Add-ons magazine,not_dish
Fish Fry,dish
Paneer Tikka,dish
Tandoori Roti,dish
Chicken Biryani,dish
Chef's Special eye,not_dish
Mutton Korma,dish
Combo Offer system,not_dish
Sushi Roll,dish
Margherita Pizza,dish
Chicken Malai Tikka,dish
Dal Makhani,dish
New Arrival data,not_dish
Chef's Special finish,not_dish
Extra Cheese participant,not_dish
Serving Size check,not_dish
New Arrival line,not_dish
Sushi Roll,dish
Cold over,not_dish
Sushi Roll,dish
Lamb Curry,dish
Margherita Pizza,dish
Fish Fry,dish
Sushi Roll,dish
Chef's Special son,not_dish
Butter Chicken,dish
Eggplant Parmesan,dish
Price Varies particular,not_dish
Fish Curry Kerala,dish
Paneer Tikka,dish
Chicken Biryani,dish
New Arrival must,not_dish
Lamb Curry,dish
Pathrode,dish
Serving Size shake,not_dish
No Onion wind,not_dish
Served Daily relate,not_dish
Mutton Korma,dish
Butter Chicken,dish
Paneer Tikka,dish
Chef's Special leave,not_dish
Fish Fry,dish
Hot kind,not_dish
Sushi Roll,dish
Butter Chicken,dish
Sushi Roll,dish
New Arrival population,not_dish
Margherita Pizza,dish
Price Varies whether,not_dish
Add-ons question,not_dish
Add-ons college,not_dish
Ready to Serve,not_dish
Fish Fry,dish
Fish Fry,dish
Margherita Pizza,dish
Fish Fry,dish
Sushi Roll,dish
Soup,not_dish
Served Daily throughout,not_dish
No Onion article,not_dish
Hot fill,not_dish
Combo Offer thing,not_dish
Tandoori Roti,dish
New Arrival house,not_dish
Price Varies cold,not_dish
Lamb Curry,dish
Chef's Special where,not_dish
Combo Offer impact,not_dish
Veg Lasagna,dish
New Arrival keep,not_dish
Taxes Extra somebody,not_dish
Taxes Extra day,not_dish
Butter Chicken,dish
Paneer Tikka,dish
New Arrival voice,not_dish
Margherita Pizza,dish
New Arrival sport,not_dish
Chicken Biryani,dish
Extra Cheese cold,not_dish
New Arrival beyond,not_dish
Chef's Special until,not_dish
Sushi Roll,dish
Combo Offer deal,not_dish
No Onion behavior,not_dish
Butter Chicken,dish
Hot across,not_dish
Cold he,not_dish
New Arrival leader,not_dish
Chicken Biryani,dish
Chicken Biryani,dish
Mutton Korma,dish
Served Daily open,not_dish
Serving Size several,not_dish
Taxes Extra peace,not_dish
Mutton Korma,dish
Margherita Pizza,dish
Chicken Biryani,dish
Bread Pakora,dish
Tandoori Roti,dish
Paneer Tikka,dish
Dal Makhani,dish
Chicken Biryani,dish
Sushi Roll,dish
New Arrival run,not_dish
Taxes Extra alone,not_dish
Sushi Roll,dish
Tandoori Roti,dish
Paneer Lababdar,dish
Mutton Korma,dish
Serving Size act,not_dish
Serving Size hospital,not_dish
Price Varies who,not_dish
Sushi Roll,dish
Dal Makhani,dish
Sushi Roll,dish
Butter Chicken,dish
Combo Offer visit,not_dish
Serving Size edge,not_dish
New Arrival network,not_dish
Price Varies state,not_dish
Lamb Curry,dish
Taxes Extra but,not_dish
Price Varies yes,not_dish
No Onion you,not_dish
Price Varies major,not_dish
Paneer Tikka,dish
Chicken Biryani,dish
Taxes Extra we,not_dish
Tandoori Roti,dish
Margherita Pizza,dish
Chicken Biryani,dish
No Onion event,not_dish
Margherita Pizza,dish
No Onion set,not_dish
Dal Makhani,dish
Cauliflower Soup,dish
Butter Chicken,dish
Sweet Potato Fries,dish
Extra Cheese Mrs,not_dish
Tandoori Roti,dish
Hariyali Chicken,dish
Add-ons himself,not_dish
Sushi Roll,dish
Paneer Tikka,dish
Serving Size home,not_dish
Margherita Pizza,dish
Tandoori Roti,dish
Add-ons support,not_dish
Cold movie,not_dish
Add-ons no,not_dish
Margherita Pizza,dish
Chicken Biryani,dish
Taxes Extra evening,not_dish
Cold travel,not_dish
Extra Cheese activity,not_dish
Mutton Korma,dish
Paneer Tikka,dish
Butter Chicken,dish
Margherita Pizza,dish
Hot fire,not_dish
Soya Chaap,dish
Cold fill,not_dish
New Arrival kitchen,not_dish
Margherita Pizza,dish
Add-ons home,not_dish
Serving Size movie,not_dish
Margherita Pizza,dish
No Onion sure,not_dish
Lamb Curry,dish
Chef's Special or,not_dish
Mutton Korma,dish
Tandoori Roti,dish
Price Varies past,not_dish
Dal Makhani,dish
New Arrival center,not_dish
Dahi Bhalla,dish
Butter Chicken,dish
Butter Chicken,dish
Chicken Biryani,dish
Hot leg,not_dish
Paneer Tikka,dish
Chef's Special alone,not_dish
Combo Offer deal,not_dish
Chef's Special technology,not_dish
Not Applicable,not_dish
Dal Makhani,dish
Paneer Tikka,dish
Hot particular,not_dish
Add-ons these,not_dish
Table Booking,not_dish
Paneer Tikka,dish
Combo Offer ten,not_dish
Served Daily three,not_dish
Chicken Biryani,dish
Taxes Extra story,not_dish
No Onion open,not_dish
Sushi Roll,dish
Add-ons oil,not_dish
Served Daily go,not_dish
Tandoori Roti,dish
Serving Size good,not_dish
Mutton Korma,dish
Hot range,not_dish
No Onion choice,not_dish
Butter Chicken,dish
Paneer Tikka,dish
Dal Tadka,dish
Extra Cheese choice,not_dish
No Onion shoulder,not_dish
Taxes Extra trial,not_dish
Spicy environment,not_dish
Served Daily fear,not_dish
Price Varies fly,not_dish
Sushi Roll,dish
Cold become,not_dish
Dal Makhani,dish
Hot success,not_dish
Sushi Roll,dish
Paneer Tikka,dish
Chicken Biryani,dish
Tandoori Roti,dish
Serving Size could,not_dish
Paneer Tikka,dish
Lamb Curry,dish
Butter Chicken,dish
Served Daily every,not_dish
Taxes Extra degree,not_dish
Chef's Special father,not_dish
New Arrival fire,not_dish
Mutton Korma,dish
Chicken Biryani,dish
Mutton Korma,dish
Combo Offer give,not_dish
Serving Size behind,not_dish
Chicken Biryani,dish
Fried Pork Dumpling,dish
Lamb Curry,dish
Cold million,not_dish
Taxes Extra at,not_dish
Add-ons important,not_dish
Serving Size pick,not_dish
Served Daily power,not_dish
Tandoori Roti,dish
Lamb Curry,dish
Sushi Roll,dish
Cold until,not_dish
Cold true,not_dish
Fish Fry,dish
New Arrival take,not_dish
No Onion or,not_dish
Fish Fry,dish
Chicken Biryani,dish
Combo Offer enjoy,not_dish
Served Daily call,not_dish
Butter Chicken,dish
Sushi Roll,dish
Mutton Korma,dish
Spicy magazine,not_dish
Beef Stroganoff,dish
New Arrival job,not_dish
Fish Fry,dish
Lamb Curry,dish
Lamb Curry,dish
Chef's Special ok,not_dish
Margherita Pizza,dish
No Onion party,not_dish
Combo Offer deal,not_dish
Sushi Roll,dish
Served Daily series,not_dish
Chef's Special report,not_dish
Served Daily report,not_dish
Hot firm,not_dish
Butter Chicken,dish
Lamb Curry,dish
Mutton Korma,dish
Tandoori Roti,dish
Dal Makhani,dish
Add-ons else,not_dish
Dal Makhani,dish
Chef’s Pick,not_dish
Butter Chicken,dish
Tandoori Roti,dish
Tandoori Roti,dish
Chef's Special house,not_dish
Chef's Special fact,not_dish
Sushi Roll,dish
Combo Offer production,not_dish
Coupon Applied,not_dish
Price Varies miss,not_dish
New Arrival avoid,not_dish
Sushi Roll,dish
Dal Makhani,dish
Mutton Korma,dish
Chef's Special performance,not_dish
Lamb Curry,dish
Hot good,not_dish
Veg Pulao,dish
Margherita Pizza,dish
Margherita Pizza,dish
Price Varies system,not_dish
Paneer Tikka,dish
Service Staff,not_dish
Tandoori Roti,dish
Add-ons skill,not_dish
Combo Offer office,not_dish
Mutton Korma,dish
No Onion able,not_dish
Extra Cheese cold,not_dish
Extra Cheese weight,not_dish
Sushi Roll,dish
New Arrival office,not_dish
Spicy wonder,not_dish
Margherita Pizza,dish
Chicken Biryani,dish
New Arrival church,not_dish
Serving Size almost,not_dish
Add-ons analysis,not_dish
Tandoori Roti,dish
Butter Chicken,dish
Tandoori Roti,dish
Lamb Curry,dish
Taxes Extra care,not_dish
Sushi Roll,dish
Price Varies president,not_dish
Margherita Pizza,dish
Tandoori Roti,dish
Dal Makhani,dish
Taxes Extra cause,not_dish
Sushi Roll,dish
New Arrival less,not_dish
Tandoori Roti,dish
Butter Chicken,dish
Margherita Pizza,dish
Dal Makhani,dish
Mutton Korma,dish
Combo Offer concern,not_dish
Served Daily traditional,not_dish
Butter Chicken,dish
Extra Cheese before,not_dish
Tandoori Roti,dish
Sushi Roll,dish
Mutton Korma,dish
Fish Fry,dish
Extra Cheese class,not_dish
Cold game,not_dish
Dal Makhani,dish
Rate Us,not_dish
Margherita Pizza,dish
Extra Cheese court,not_dish
Mutton Korma,dish
Lamb Curry,dish
Margherita Pizza,dish
Extra Cheese represent,not_dish
Paneer Tikka,dish
Paneer Tikka,dish
Tandoori Roti,dish
Margherita Pizza,dish
Cold college,not_dish
Lamb Curry,dish
Egg Biryani,dish
Cold particularly,not_dish
Add-ons approach,not_dish
Price Varies fire,not_dish
Serving Size beat,not_dish
Cold local,not_dish
Combo Offer no,not_dish
Paneer Tikka,dish
Spicy view,not_dish
Spicy imagine,not_dish
Sushi Roll,dish
Spicy become,not_dish
Butter Chicken,dish
Dal Makhani,dish
Combo Offer deal,not_dish
Mutton Korma,dish
Cold well,not_dish
Paneer Tikka,dish
New Arrival since,not_dish
Add-ons source,not_dish
Lamb Curry,dish
Taxes Extra debate,not_dish
Serving Size cold,not_dish
Dal Makhani,dish
Mutton Korma,dish
Extra Cheese require,not_dish
Prawn Tempura,dish
Serving Size short,not_dish
Dal Makhani,dish
Taxes Extra light,not_dish
Cold play,not_dish
Dal Makhani,dish
No Onion what,not_dish
Extra Cheese market,not_dish
Dal Makhani,dish
Cold PM,not_dish
Extra Cheese practice,not_dish
Tandoori Roti,dish
Extra Cheese bit,not_dish
New Arrival talk,not_dish
Paneer Tikka,dish
Sushi Roll,dish
Chef's Special value,not_dish
Chef's Special cost,not_dish
Cold appear,not_dish
Chicken Biryani,dish
New Arrival necessary,not_dish
Dal Makhani,dish
Margherita Pizza,dish
Fish Fry,dish
Paneer Tikka,dish
Chicken Biryani,dish
Taxes Extra possible,not_dish
Tandoori Roti,dish
Extra Cheese professor,not_dish
Chef's Special building,not_dish
Fish Fry,dish
New Arrival another,not_dish
Fish Fry,dish
Tandoori Roti,dish
Extra Cheese agency,not_dish
Chicken Biryani,dish
Taxes Extra week,not_dish
Serving Size price,not_dish
Extra Cheese argue,not_dish
Fish Fry,dish
Cold occur,not_dish
No Onion attention,not_dish
Mutton Korma,dish
Dal Makhani,dish
Chicken Biryani,dish
Chicken Biryani,dish
Sushi Roll,dish
Egg Florentine,dish
Combo Offer station,not_dish
Green Dot,not_dish
Taxes Extra appear,not_dish
Hot page,not_dish
Chef's Special find,not_dish
Fish Fry,dish
Butter Chicken,dish
Chicken Biryani,dish
Extra Cheese position,not_dish
Price Varies strategy,not_dish
Tuna Salad,dish
Butter Chicken,dish
Mutton Korma,dish
Vegetable Enchiladas,dish
Tandoori Roti,dish
Price Varies western,not_dish
Serving Size over,not_dish
Tandoori Roti,dish
Taxes Extra easy,not_dish
Paneer Tikka,dish
Fish Fry,dish
Tandoori Roti,dish
Fish Fry,dish
Cold today,not_dish
Paneer Tikka,dish
Taxes Extra participant,not_dish
Cold next,not_dish
Margherita Pizza,dish
Served Daily hot,not_dish
Paneer Tikka,dish
Combo Offer final,not_dish
Paneer Tikka,dish
Air Conditioned,not_dish
Cold buy,not_dish
Sushi Roll,dish
Margherita Pizza,dish
Chicken Biryani,dish
Butter Chicken,dish
Tandoori Roti,dish
Combo Offer more,not_dish
Fish Fry,dish
Chicken Biryani,dish
Serving Size record,not_dish
Paneer Tikka,dish
New Arrival southern,not_dish
Buffet Only,not_dish
Butter Chicken,dish
Chef's Special table,not_dish
Chicken Biryani,dish
No Onion possible,not_dish
Lamb Curry,dish
Fish Fry,dish
Price Varies remember,not_dish
Combo Offer body,not_dish
Cold force,not_dish
Mutton Korma,dish
Pineapple Pachadi,dish
Paneer Tikka,dish
Sushi Roll,dish
No Onion onto,not_dish
Fish Fry,dish
Spicy face,not_dish
Taxes Extra develop,not_dish
Combo Offer fall,not_dish
Sushi Roll,dish
No Onion already,not_dish
Served Daily several,not_dish
Butter Naan,dish
Today's Special,not_dish
Chicken Biryani,dish
Lamb Curry,dish
Lamb Curry,dish
Served Daily street,not_dish
Serving Size ball,not_dish
Chef's Special include,not_dish
Paneer Tikka,dish
Serving Size table,not_dish
Lamb Curry,dish
Butter Chicken,dish
Spicy idea,not_dish
Add-ons summer,not_dish
Serving Size decide,not_dish
Dal Makhani,dish
Best Seller,not_dish
Fish Fry,dish
Hot require,not_dish
Margherita Pizza,dish
Serving Size truth,not_dish
Dal Makhani,dish
Cold method,not_dish
Lamb Curry,dish
Serving Size sing,not_dish
New Arrival use,not_dish
Sushi Roll,dish
Dal Makhani,dish
Price Varies market,not_dish
Sushi Roll,dish
Chicken Biryani,dish
Served Daily almost,not_dish
Served Daily lead,not_dish
Butter Chicken,dish
Kaju Katli,dish
Tandoori Roti,dish
Served Daily moment,not_dish
Extra Cheese system,not_dish
Chicken Biryani,dish
Dal Makhani,dish
Serving Size start,not_dish
Lamb Curry,dish
Specials,not_dish
Sushi Roll,dish
Extra Cheese take,not_dish
Served Daily without,not_dish
Served Daily quality,not_dish
Bhindi Masala,dish
Cold never,not_dish
Serving Size American,not_dish
Fish Fry,dish
Butter Chicken,dish
Tandoori Roti,dish
New Arrival different,not_dish
Taxes Extra experience,not_dish
Paneer Tikka,dish
Price Varies central,not_dish
Dal Makhani,dish
Dal Makhani,dish
Phirni,dish
Fish Fry,dish
Combo Offer nation,not_dish
Veg Manchow Soup,dish
Lamb Curry,dish
Fish Fry,dish
Chicken Biryani,dish
Served Daily financial,not_dish
Chef's Special level,not_dish
Fish Fry,dish
Schezwan Rice,dish
Price Varies fish,not_dish
Fish Fry,dish
Chef's Special home,not_dish
Combo Offer past,not_dish
Fish Fry,dish
Hot above,not_dish
Serving Size bad,not_dish
Price Varies age,not_dish
Served Daily job,not_dish
Paneer Tikka,dish
New Arrival window,not_dish
Extra Cheese stuff,not_dish
Extra Cheese sea,not_dish
Paneer Tikka,dish
No Onion toward,not_dish
Butter Chicken,dish
New Arrival perform,not_dish
Lamb Curry,dish
Taxes Extra federal,not_dish
Mutton Korma,dish
Chef's Special success,not_dish
Chicken Biryani,dish
Extra Cheese run,not_dish
Fish Fry,dish
Fish Fry,dish
Tandoori Roti,dish
Mutton Korma,dish
Chicken Biryani,dish
Serving Size general,not_dish
Hot most,not_dish
Dal Makhani,dish
Per KG,not_dish
No Onion young,not_dish
Hot spring,not_dish
Extra Cheese series,not_dish
Dal Makhani,dish
Chicken Biryani,dish
Paneer Tikka,dish
Dal Makhani,dish
Lamb Curry,dish
Fish Fry,dish
Sushi Roll,dish
Sushi Roll,dish
Sushi Roll,dish
Lamb Curry,dish
Lamb Curry,dish
Mutton Korma,dish
Margherita Pizza,dish
Dal Makhani,dish
Bisi Bele Bath,dish
Served Daily prevent,not_dish
Serving Size newspaper,not_dish
Lamb Curry,dish
Chicken Biryani,dish
Butter Chicken,dish
Lamb Curry,dish
Tandoori Roti,dish
Paneer Tikka,dish
Sushi Roll,dish
Fish Fry,dish
Price Varies early,not_dish
Margherita Pizza,dish
Fish Fry,dish
Sushi Roll,dish
Spicy still,not_dish
Spicy war,not_dish
Paneer Tikka,dish
Spicy owner,not_dish
Served Daily he,not_dish
Lamb Curry,dish
Extra Cheese decision,not_dish
Combo Offer return,not_dish
Caesar Salad,dish
Sushi Roll,dish
Sushi Roll,dish
Aloo Gobi,dish
Cold once,not_dish
Dal Makhani,dish
Fish Fry,dish
Margherita Pizza,dish
Butter Chicken,dish
Margherita Pizza,dish
Chicken Biryani,dish
Chicken Clear Soup,dish
Paneer Tikka,dish
Cold play,not_dish
Spicy trip,not_dish
Sushi Roll,dish
Fish Fry,dish
Nargisi Kofta,dish
Mutton Korma,dish
Lamb Curry,dish
Taxes Extra child,not_dish
Mutton Korma,dish
Extra Cheese until,not_dish
Price Varies way,not_dish
Fish Fry,dish
Serving Size hold,not_dish
Eggplant Lasagna,dish
Paneer Tikka,dish
Butter Chicken,dish
Served Daily attention,not_dish
Butter Chicken,dish
Add-ons cause,not_dish
Spicy quickly,not_dish
Chef's Special hit,not_dish
Spicy police,not_dish
Spicy everyone,not_dish
Combo Offer expect,not_dish
Tandoori Roti,dish
Sushi Roll,dish
Chef's Special month,not_dish
Butter Chicken,dish
Cold whether,not_dish
Paneer Tikka,dish
Combo Offer leave,not_dish
Paneer Tikka,dish
Tandoori Roti,dish
New Arrival choose,not_dish
Sushi Roll,dish
Hot because,not_dish
Serving Size choose,not_dish
Extra Cheese eye,not_dish
Lamb Curry,dish
Taxes Extra admit,not_dish
Taxes Extra official,not_dish
Chicken Biryani,dish
Butter Chicken,dish
Add-ons effect,not_dish
New Arrival I,not_dish
Price Varies much,not_dish
Lamb Curry,dish
Extra Cheese light,not_dish
Chicken Biryani,dish
Chef's Special least,not_dish
Fish Fry,dish
Lamb Curry,dish
Margherita Pizza,dish
Sushi Roll,dish
Spicy summer,not_dish
Lamb Curry,dish
Fish Fry,dish
Spicy anything,not_dish
Cold meeting,not_dish
Paneer Tikka,dish
Extra Cheese development,not_dish
Served Daily interview,not_dish
Margherita Pizza,dish
Happy Hours,not_dish
Butter Chicken,dish
Mutton Korma,dish
Mutton Korma,dish
Fish Fry,dish
No Onion continue,not_dish
Dal Makhani,dish
Add-ons story,not_dish
Combo Offer whatever,not_dish
No Onion out,not_dish
Butter Chicken,dish
Taxes Extra follow,not_dish
Sushi Roll,dish
New Arrival tend,not_dish
New Arrival happen,not_dish
Friend Referral,not_dish
Taxes Extra current,not_dish
Chicken Biryani,dish
Taxes Extra state,not_dish
Dal Makhani,dish
Serving Size food,not_dish
Sushi Roll,dish
Hot else,not_dish
Butter Chicken,dish
Butter Chicken,dish
Methi Malai Murg,dish
Cold pressure,not_dish
Paneer Tikka,dish
Hot lose,not_dish
Serving Size entire,not_dish
Sushi Roll,dish
Paneer Tikka,dish
Margherita Pizza,dish
Extra Cheese yard,not_dish
Cold his,not_dish
Dal Makhani,dish
Cold let,not_dish
Price Varies perhaps,not_dish
Add-ons former,not_dish
Butter Chicken,dish
No Onion rich,not_dish
Butter Chicken,dish
Hot order,not_dish
Mutton Korma,dish
No Onion again,not_dish
Add-ons particular,not_dish
Dal Makhani,dish
Combo Offer figure,not_dish
Served Daily while,not_dish
Hot agreement,not_dish
Chicken Biryani,dish
Serving Size matter,not_dish
Tandoori Roti,dish
Sushi Roll,dish
Taxes Extra president,not_dish
Mutton Korma,dish
Price Varies try,not_dish
Price Varies especially,not_dish
Combo Offer capital,not_dish
No Onion region,not_dish
Extra Cheese history,not_dish
Butter Chicken,dish
No Onion discuss,not_dish
Paneer Tikka,dish
Fish Fry,dish
Dal Makhani,dish
Dal Makhani,dish
Taxes Extra southern,not_dish
Mochar Ghonto,dish
No Onion seem,not_dish
Add-ons option,not_dish
Margherita Pizza,dish
Dal Makhani,dish
Kitchen Closed,not_dish
Lamb Curry,dish
New Arrival once,not_dish
Cold rock,not_dish
Margherita Pizza,dish
Paneer Tikka,dish
Hot hospital,not_dish
Paneer Tikka,dish
Sushi Roll,dish
Taxes Extra home,not_dish
Lamb Curry,dish
Lamb Curry,dish
Add-ons relate,not_dish
Tandoori Roti,dish
Spicy cultural,not_dish
Chicken Biryani,dish
Butter Chicken,dish
Dal Makhani,dish
Taxes Extra information,not_dish
Chef's Special attack,not_dish
Dal Makhani,dish
Cold water,not_dish
Add-ons method,not_dish
Combo Offer summer,not_dish
Taxes Extra economy,not_dish
Spicy buy,not_dish
Butter Chicken,dish
Serving Size try,not_dish
Margherita Pizza,dish
Lamb Curry,dish
Mutton Korma,dish
Chef's Special white,not_dish
Chef's Special want,not_dish
Taxes Extra positive,not_dish
Hot will,not_dish
Chicken Biryani,dish
Lamb Curry,dish
Margherita Pizza,dish
Tandoori Roti,dish
Extra Cheese myself,not_dish
Taxes Extra marriage,not_dish
Lamb Curry,dish
Spicy away,not_dish
Paneer Tikka,dish
Butter Chicken,dish
Mutton Korma,dish
Combo Offer PM,not_dish
Serving Size drop,not_dish
Cold behind,not_dish
Butter Chicken,dish
Chicken Biryani,dish
Butter Chicken,dish
Tandoori Roti,dish
Fish Fry,dish
Sushi Roll,dish
Butter Chicken,dish
Fish Fry,dish
Price Varies simply,not_dish
Paneer Tikka,dish
Tandoori Roti,dish
New Arrival process,not_dish
No Onion theory,not_dish
Chicken Biryani,dish
Cold contain,not_dish
Dal Makhani,dish
Add-ons break,not_dish
Margherita Pizza,dish
Afghani Chicken,dish
Served Daily hotel,not_dish
Double Ka Meetha,dish
Tandoori Roti,dish
Sushi Roll,dish
Mutton Korma,dish
Non Veg,not_dish
Hot arrive,not_dish
Serving Size age,not_dish
Sushi Roll,dish
Serving Size surface,not_dish
Sushi Roll,dish
Lamb Curry,dish
Margherita Pizza,dish
₹250,not_dish
Live Counter,not_dish
Paneer Tikka,dish
Carrot Cake,dish
Sushi Roll,dish
Margherita Pizza,dish
Tandoori Roti,dish
Sushi Roll,dish
Price Varies which,not_dish
Mutton Korma,dish
Butter Chicken,dish
Lamb Curry,dish
Serving Size possible,not_dish
Mutton Korma,dish
Dal Makhani,dish
Fish Fry,dish
Margherita Pizza,dish
Cold price,not_dish
Spicy throw,not_dish
Mutton Korma,dish
Combo Offer management,not_dish
Fish Fry,dish
Cold night,not_dish
Chef's Special room,not_dish
Chef's Special there,not_dish
Cold window,not_dish
Lamb Curry,dish
Hot information,not_dish
New Arrival say,not_dish
Lamb Curry,dish
Sushi Roll,dish
Price Varies wonder,not_dish
Lamb Curry,dish
Butter Chicken,dish
Paneer Tikka,dish
Fish Fry,dish
New Arrival opportunity,not_dish
Tandoori Roti,dish
New Arrival public,not_dish
Fish Fry,dish
Combo Offer amount,not_dish
Tandoori Roti,dish
Butter Chicken,dish
Cold see,not_dish
New Arrival from,not_dish
Hot manage,not_dish
Price Varies plant,not_dish
Lamb Curry,dish
Extra Cheese pressure,not_dish
Extra Cheese goal,not_dish
Add-ons rather,not_dish
Chicken Biryani,dish
Spicy especially,not_dish
Butter Chicken,dish
No Dine-In,not_dish
Fish Fry,dish
Served Daily throw,not_dish
Extra Cheese want,not_dish
Add-ons mind,not_dish
Combo Offer father,not_dish
Lamb Curry,dish
Price Varies our,not_dish
No Onion although,not_dish
Sushi Roll,dish
No Onion senior,not_dish
Served Daily page,not_dish
Dal Makhani,dish
Fish Fry,dish
Mutton Korma,dish
Combo Offer production,not_dish
Butter Chicken,dish
Margherita Pizza,dish
Cold table,not_dish
Tandoori Roti,dish
Chicken Biryani,dish
Mutton Korma,dish
Extra Cheese owner,not_dish
Sushi Roll,dish
Mutton Korma,dish
Cold what,not_dish
Chicken Noodles,dish
Hot cut,not_dish
Serving Size none,not_dish
Price Varies interest,not_dish
Served Daily save,not_dish
Hot word,not_dish
Served Daily between,not_dish
Combo Offer more,not_dish
Dinner,not_dish
Combo Offer able,not_dish
Tandoori Roti,dish
Butter Chicken,dish
Spicy listen,not_dish
Dal Makhani,dish
Butter Chicken,dish
Apricot Danish,dish
Fish Fry,dish
Taxes Extra couple,not_dish
Hot stay,not_dish
Paneer Tikka,dish
Chef's Special necessary,not_dish
Lamb Curry,dish
Lamb Curry,dish
Extra Cheese show,not_dish
Served Daily modern,not_dish
Tandoori Roti,dish
Paneer Tikka,dish
Serving Size boy,not_dish
Combo Offer use,not_dish
Margherita Pizza,dish
Butter Chicken,dish
Extra Cheese cover,not_dish
Butter Chicken,dish
Crab Curry,dish
Chef's Special continue,not_dish
Chicken Biryani,dish
Sourdough Bread,dish
Margherita Pizza,dish
Serving Size safe,not_dish
Chicken Biryani,dish
Served Daily control,not_dish
Paneer Tikka,dish
Extra Cheese against,not_dish
Add-ons bit,not_dish
Lamb Curry,dish
Margherita Pizza,dish
Phulkopir Roast,dish
Dal Makhani,dish
Add-ons life,not_dish
Spicy exactly,not_dish
Chicken Biryani,dish
Serving Size if,not_dish
Chicken Biryani,dish
New Arrival prevent,not_dish
Taxes Extra democratic,not_dish
Sushi Roll,dish
Served Daily wonder,not_dish
No Onion happen,not_dish
Fish Fry,dish
Cold offer,not_dish
No Onion account,not_dish
Butter Chicken,dish
Dal Makhani,dish
Chicken Biryani,dish
Mutton Korma,dish
Chicken Biryani,dish
Add-ons step,not_dish
Margherita Pizza,dish
Butter Chicken,dish
Combo Offer better,not_dish
Price Varies media,not_dish
New Arrival executive,not_dish
Tandoori Roti,dish
Add-ons itself,not_dish
Serving Size meeting,not_dish
Spicy three,not_dish
Sushi Roll,dish
Mutton Korma,dish
Paneer Tikka,dish
Dal Makhani,dish
Tandoori Roti,dish
Cold expect,not_dish
Sushi Roll,dish
Margherita Pizza,dish
Mutton Korma,dish
Mutton Korma,dish
No Onion pay,not_dish
Taxes Extra dream,not_dish
Butter Chicken,dish
Add-ons hundred,not_dish
Meatball Sub,dish
Combo Offer yourself,not_dish
Lamb Curry,dish
Spicy at,not_dish
Hot agree,not_dish
Paneer Tikka,dish
Chicken Biryani,dish
Dal Makhani,dish
Chicken Biryani,dish
Tandoori Roti,dish
Paneer Tikka,dish
Tandoori Roti,dish
Paneer Tikka,dish
Margherita Pizza,dish
Fish Fry,dish
Cold health,not_dish
Serving Size today,not_dish
Add-ons true,not_dish
New Arrival leg,not_dish
Price Varies sense,not_dish
Mutton Korma,dish
Served Daily statement,not_dish
Add-ons determine,not_dish
Served Daily discover,not_dish
Fish Fry,dish
Navratan Korma,dish
Served Daily smile,not_dish
Price Varies fire,not_dish
Lamb Curry,dish
Taxes Extra blue,not_dish
Spicy chance,not_dish
Dal Makhani,dish
Sushi Roll,dish
Served Daily air,not_dish
New Arrival there,not_dish
Reshmi Kebab,dish
Taxes Extra teach,not_dish
Lamb Curry,dish
Combo Offer two,not_dish
Lamb Curry,dish
Price Varies might,not_dish
Lemon Drizzle Cake,dish
Extra Cheese them,not_dish
Add-ons short,not_dish
Mutton Korma,dish
Margherita Pizza,dish
Fish Fry,dish
Dal Makhani,dish
Margherita Pizza,dish
Margherita Pizza,dish
Fish Fry,dish
Butter Chicken,dish
Spicy serious,not_dish
New Arrival reason,not_dish
Chef's Special from,not_dish
Sushi Roll,dish
Price Varies likely,not_dish
Margherita Pizza,dish
Price Varies morning,not_dish
Spicy sense,not_dish
Spicy none,not_dish
Chicken Biryani,dish
Mutton Korma,dish
Tandoori Roti,dish
Sambar Rice,dish
Chicken Biryani,dish
Chef's Special add,not_dish
Dal Makhani,dish
Sushi Roll,dish
Lamb Curry,dish
Spicy product,not_dish
Tandoori Roti,dish
Chicken 65,dish
Served Daily no,not_dish
Served Daily case,not_dish
Extra Cheese situation,not_dish
Tandoori Broccoli,dish
Tandoori Roti,dish
Margherita Pizza,dish
Serving Size play,not_dish
Serving Size attack,not_dish
Add-ons institution,not_dish
Cold ask,not_dish
Lamb Curry,dish
Digital Menu,not_dish
Spicy ok,not_dish
Hot owner,not_dish
Serving Size member,not_dish
Margherita Pizza,dish
Taxes Extra young,not_dish
Margherita Pizza,dish
Tandoori Roti,dish
Taxes Extra while,not_dish
Margherita Pizza,dish
Lamb Curry,dish
100g,not_dish
Chicken Biryani,dish
Hot image,not_dish
Fish Fry,dish
Sushi Roll,dish
Dal Makhani,dish
Served Daily rule,not_dish
Extra Cheese remain,not_dish
Margherita Pizza,dish
Chicken Biryani,dish
Margherita Pizza,dish
Price Varies give,not_dish
Cold push,not_dish
Mutton Korma,dish
Price Varies ever,not_dish
Chef's Special Mr,not_dish
Cold coach,not_dish
Dal Makhani,dish
Chicken Biryani,dish
New Arrival stand,not_dish
Combo Offer time,not_dish
Extra Cheese animal,not_dish
Chef's Special section,not_dish
Dal Makhani,dish
Tandoori Roti,dish
Hot popular,not_dish
Sushi Roll,dish
Serving Size drive,not_dish
Margherita Pizza,dish
Cold exist,not_dish
Price Varies teach,not_dish
Butter Chicken,dish
Butter Chicken,dish
Spicy eat,not_dish
Add-ons suddenly,not_dish
No Onion road,not_dish
Extra Cheese prevent,not_dish
Serving Size continue,not_dish
Tandoori Roti,dish
Butter Chicken,dish
Hot another,not_dish
No Onion woman,not_dish
Cold stock,not_dish
Sushi Roll,dish
Hot chance,not_dish
Chicken Biryani,dish
Dal Makhani,dish
Add-ons good,not_dish
Margherita Pizza,dish
Paneer Tikka,dish
Extra Cheese future,not_dish
Extra Cheese work,not_dish
Cold whole,not_dish
Chef's Special attack,not_dish
Lamb Curry,dish
Margherita Pizza,dish
Fish Fry,dish
Chef's Special speech,not_dish
Serving Size consumer,not_dish
No Smoking,not_dish
Egg Curry Masala,dish
Chef's Special law,not_dish
Tandoori Roti,dish
Cold claim,not_dish
Fish Fry,dish
Margherita Pizza,dish
Paneer Tikka,dish
Mutton Korma,dish
Price Varies race,not_dish
Taxes Extra training,not_dish
Extra Cheese drop,not_dish
Dal Makhani,dish
Butter Chicken,dish
Lamb Curry,dish
Paneer Tikka,dish
Sushi Roll,dish
Paneer Tikka,dish
New Arrival statement,not_dish
Fish Fry,dish
Tandoori Roti,dish
Sushi Roll,dish
Dal Makhani,dish
Taxes Extra mind,not_dish
Fish Fry,dish
Margherita Pizza,dish
Extra Cheese foot,not_dish
Tandoori Roti,dish
Served Daily air,not_dish
Price Varies professional,not_dish
New Launch,not_dish
Hot area,not_dish
Add-ons news,not_dish
Chicken Biryani,dish
Extra Cheese law,not_dish
Served Daily risk,not_dish
Combo Offer hot,not_dish
Outlet,not_dish
Cold hour,not_dish
Chicken Biryani,dish
Lamb Curry,dish
Tandoori Roti,dish
Chicken Biryani,dish
Tandoori Roti,dish
Served Daily general,not_dish
Chicken Biryani,dish
Add-ons candidate,not_dish
Lamb Curry,dish
New Arrival huge,not_dish
Dal Makhani,dish
New Arrival discussion,not_dish
Add-ons Mr,not_dish
A12,not_dish
Combo Offer beautiful,not_dish
Lamb Curry,dish
Cold why,not_dish
Extra Cheese leave,not_dish
Paneer Tikka,dish
Veg Starters,dish
Mutton Korma,dish
Sushi Roll,dish
Mutton Korma,dish
Paneer Tikka,dish
Sev Puri,dish
Serving Size treat,not_dish
Fish Fry,dish
Dal Makhani,dish
Spicy up,not_dish
Chicken Biryani,dish
Paneer Tikka,dish
Add-ons up,not_dish
Dal Makhani,dish
Serving Size important,not_dish
Delivery Timing,not_dish
Butter Chicken,dish
Fish Fry,dish
Mutton Korma,dish
Served Daily fish,not_dish
Tandoori Roti,dish
Dal Makhani,dish
Fish Fry,dish
Chicken Biryani,dish
1234,not_dish
Add-ons growth,not_dish
Taxes Extra family,not_dish
Lamb Curry,dish
New Arrival public,not_dish
Chicken Lasagna,dish
Combo Offer medical,not_dish
Lamb Curry,dish
Butter Chicken,dish
Mutton Korma,dish
Tandoori Roti,dish
Paid Seats,not_dish
Price Varies how,not_dish
Add-ons turn,not_dish
Chicken Biryani,dish
Add-ons reduce,not_dish
Dal Makhani,dish
New Arrival wall,not_dish
Chicken Alfredo Pasta,dish
Margherita Pizza,dish
Paneer Tikka,dish
Paneer Tikka,dish
Dal Makhani,dish
Dal Makhani,dish
Combo Offer animal,not_dish
Paneer Tikka,dish
Fish Fry,dish
Dal Makhani,dish
Serving Size learn,not_dish
Chicken Biryani,dish
Spicy magazine,not_dish
Add-ons cost,not_dish
Butter Chicken,dish
Served Daily home,not_dish
Tandoori Roti,dish
Chef's Special half,not_dish
Hot better,not_dish
Fish Fry,dish
Taxes Extra doctor,not_dish
Chicken Biryani,dish
Butter Chicken,dish
Chef's Special personal,not_dish
Paneer Tikka,dish
Add-ons subject,not_dish
Butter Chicken,dish
Tandoori Roti,dish
New Arrival court,not_dish
No Onion part,not_dish
Spicy fact,not_dish
Cold never,not_dish
New Arrival check,not_dish
Served Daily full,not_dish
Serving Size enter,not_dish
New Arrival keep,not_dish
Extra Cheese up,not_dish
Paneer Tikka,dish
Hot ever,not_dish
Price Varies sea,not_dish
Dal Makhani,dish
Butter Chicken,dish
Taxes Extra protect,not_dish
Margherita Pizza,dish
Dal Makhani,dish
Spicy write,not_dish
Dal Makhani,dish
New Arrival often,not_dish
Serving Size fund,not_dish
Serving Size message,not_dish
Serving Size beat,not_dish
Butter Chicken,dish
Chicken Biryani,dish
Chicken Biryani,dish
Spicy onto,not_dish
Mutton Korma,dish
Chef's Special wrong,not_dish
Served Daily major,not_dish
Chicken Biryani,dish
Mutton Korma,dish
Margherita Pizza,dish
Margherita Pizza,dish
Butter Chicken,dish
Margherita Pizza,dish
Hot least,not_dish
Dal Makhani,dish
Margherita Pizza,dish
Serving Size never,not_dish
New Arrival chance,not_dish
Extra Cheese cell,not_dish
Add-ons center,not_dish
Sushi Roll,dish
Hot listen,not_dish
Price Varies pretty,not_dish
No Onion edge,not_dish
Add-ons require,not_dish
Serving Size blue,not_dish
Tandoori Roti,dish
Margherita Pizza,dish
Fish Fry,dish
Paneer Tikka,dish
Paneer Tikka,dish
Spicy one,not_dish
Fish Fry,dish
Tandoori Roti,dish
Margherita Pizza,dish
Cold night,not_dish
Paneer Tikka,dish
Tandoori Roti,dish
Tandoori Roti,dish
Cold although,not_dish
Sushi Roll,dish
Tandoori Roti,dish
New Arrival week,not_dish
Butter Chicken,dish
Extra Cheese design,not_dish
Hot local,not_dish
New Arrival purpose,not_dish
Lamb Curry,dish
Hot move,not_dish
Fish Fry,dish
Paneer Tikka,dish
Chicken Biryani,dish
Sushi Roll,dish
Sushi Roll,dish
Served Daily create,not_dish
Chef's Special easy,not_dish
Spicy arrive,not_dish
Sushi Roll,dish
Butter Chicken,dish
Price Varies sort,not_dish
Tandoori Roti,dish
Taxes Extra exist,not_dish
Fish Fry,dish
Chef's Special view,not_dish
Add-ons machine,not_dish
Taxes Extra almost,not_dish
Cold still,not_dish
Add-ons learn,not_dish
Chicken Biryani,dish
Chef's Special could,not_dish
New Arrival share,not_dish
Taxes Extra after,not_dish
Fish Fry,dish
Lamb Curry,dish
Served Daily cell,not_dish
Butter Chicken,dish
New Arrival cause,not_dish
Hot party,not_dish
Taxes Extra cover,not_dish
Add-ons fill,not_dish
Price Varies southern,not_dish
Mutton Korma,dish
New Arrival security,not_dish
Add-ons church,not_dish
Margherita Pizza,dish
Paneer Tikka,dish
Cold talk,not_dish
Margherita Pizza,dish
No Onion vote,not_dish
Margherita Pizza,dish
Hot pattern,not_dish
Price Varies woman,not_dish
Price Varies main,not_dish
Dal Makhani,dish
Extra Cheese back,not_dish
Ghee Roast Dosa,dish
Margherita Pizza,dish
Dal Makhani,dish
Fish Fry,dish
Mutton Korma,dish
Fish Fry,dish
Teriyaki Chicken,dish
Price Varies executive,not_dish
Butter Chicken,dish
Add-ons reduce,not_dish
Lamb Curry,dish
Taxes Extra try,not_dish
Chicken Biryani,dish
No Onion system,not_dish
Chicken Bharta,dish
Hot ago,not_dish
Mutton Korma,dish
Extra Cheese factor,not_dish
Lunch Buffet,not_dish
Chicken Biryani,dish
Price Varies machine,not_dish
Served Daily lot,not_dish
Rava Dosa,dish
Combo Offer long,not_dish
Mutton Korma,dish
Taxes Extra score,not_dish
Add-ons forget,not_dish
Add-ons create,not_dish
Margherita Pizza,dish
Sushi Roll,dish
Chicken Biryani,dish
Dal Makhani,dish
Butter Chicken,dish
Lamb Curry,dish
Dal Makhani,dish
Combo Offer fear,not_dish
Tandoori Roti,dish
New Arrival true,not_dish
Margherita Pizza,dish
Paneer Tikka,dish
Tandoori Roti,dish
New Arrival argue,not_dish
Sushi Roll,dish
Price Varies should,not_dish
Mutton Korma,dish
Tandoori Roti,dish
Lamb Curry,dish
Taxes Extra real,not_dish
Sushi Roll,dish
Paneer Tikka,dish
Spicy special,not_dish
Chef's Special organization,not_dish
New Arrival attention,not_dish
Cash Counter,not_dish
Mutton Korma,dish
Mutton Korma,dish
No Onion may,not_dish
New Arrival why,not_dish
Sushi Roll,dish
Margherita Pizza,dish
Spicy moment,not_dish
No Onion pretty,not_dish
Hot majority,not_dish
Cold its,not_dish
Butter Chicken,dish
New Arrival family,not_dish
Butter Chicken,dish
Price Varies almost,not_dish
Paneer Tikka,dish
Serving Size nice,not_dish
Margherita Pizza,dish
Green Thai Curry,dish
Lamb Curry,dish
Mutton Korma,dish
Extra Cheese artist,not_dish
Tuna Melt,dish
Combo Offer likely,not_dish
New Arrival central,not_dish
Add-ons short,not_dish
Paneer Tikka,dish
Fish Fry,dish
Spinach Cannelloni,dish
MRP,not_dish
Chicken Biryani,dish
Price Varies the,not_dish
Hot necessary,not_dish
Butter Chicken,dish
Price Varies son,not_dish
Mutton Korma,dish
Paneer Tikka,dish
Fish Fry,dish
Add-ons production,not_dish
Margherita Pizza,dish
Chef's Special trade,not_dish
Mutton Korma,dish
Mutton Korma,dish
Paneer Tikka Roll,dish
Chicken Biryani,dish
Butter Chicken,dish
Kalmi Kebab,dish
Served Daily baby,not_dish
New Arrival be,not_dish
Sushi Roll,dish
Fish Fry,dish
French Omelette,dish
Fish Fry,dish
No Onion series,not_dish
Chicken Biryani,dish
Served Daily wife,not_dish
Tandoori Roti,dish
Served Daily change,not_dish
Add-ons direction,not_dish
Combo Offer course,not_dish
Taxes Extra particular,not_dish
Chicken Biryani,dish
Lamb Curry,dish
Chef's Special federal,not_dish
Served Daily occur,not_dish
Served Daily physical,not_dish
Hot garden,not_dish
Tandoori Roti,dish
Mutton Korma,dish
Paneer Tikka,dish
Taxes Extra region,not_dish
Mutton Korma,dish
Sushi Roll,dish
Best Taste,not_dish
Paneer Tikka,dish
Butter Chicken,dish
Chef's Special leader,not_dish
New Arrival information,not_dish
Fish Fry,dish
Chicken Biryani,dish
Price Varies per,not_dish
Prebook,not_dish
Paneer Tikka,dish
Taxes Extra himself,not_dish
New Arrival through,not_dish
Chicken Biryani,dish
Lamb Curry,dish
Price Varies before,not_dish
Fish Fry,dish
Lamb Curry,dish
Lamb Curry,dish
No Onion spend,not_dish
Hot allow,not_dish
Taxes Extra go,not_dish
Hot must,not_dish
No Onion lose,not_dish
Dal Makhani,dish
Dal Makhani,dish
Paneer Tikka,dish
Mutton Korma,dish
Mutton Korma,dish
Hot adult,not_dish
Taxes Extra black,not_dish
Mutton Korma,dish
Methi Malai Paneer,dish
Chef's Special author,not_dish
Margherita Pizza,dish
Egg Bhurji,dish
Paneer Tikka,dish
Paneer Tikka,dish
Serving Size open,not_dish
New Arrival every,not_dish
Combo Offer expect,not_dish
Chicken Biryani,dish
Sushi Roll,dish
Chef's Special alone,not_dish
Serving Size pattern,not_dish
Tandoori Roti,dish
Egg Fried Rice,dish
Margherita Pizza,dish
Margherita Pizza,dish
Sushi Roll,dish
Taxes Extra usually,not_dish
Dal Makhani,dish
Margherita Pizza,dish
Tandoori Roti,dish
Butter Chicken,dish
Extra Cheese main,not_dish
Cold defense,not_dish
Taxes Extra fear,not_dish
Margherita Pizza,dish
New Arrival style,not_dish
Cold network,not_dish
Butter Chicken,dish
Mutton Korma,dish
Taxes Extra pay,not_dish
No Onion hand,not_dish
Chef's Special administration,not_dish
Add-ons effect,not_dish
Paneer Tikka,dish
Combo Offer edge,not_dish
Add-ons prove,not_dish
Combo Offer eye,not_dish
Veg Hakka Noodles,dish
Chicken Biryani,dish
Mutton Korma,dish
Serving Size capital,not_dish
Butter Chicken,dish
Extra Cheese use,not_dish
Paneer Tikka,dish
Butter Chicken,dish
Margherita Pizza,dish
No Onion seem,not_dish
Served Daily person,not_dish
Fish Fry,dish
Hot while,not_dish
Mutton Korma,dish
Chicken Cafreal,dish
Mutton Korma,dish
Add-ons thousand,not_dish
Serving Size since,not_dish
Add-ons discussion,not_dish
Cold after,not_dish
Dal Makhani,dish
Butter Chicken,dish
Extra Cheese father,not_dish
Cold minute,not_dish
Valet Available,not_dish
Sushi Roll,dish
Mutton Korma,dish
Margherita Pizza,dish
Dal Makhani,dish
Mutton Korma,dish
Cold cultural,not_dish
Cold quality,not_dish
Veg Thali,dish
Butter Chicken,dish
Add-ons identify,not_dish
Add-ons to,not_dish
Margherita Pizza,dish
Chef's Special certain,not_dish
Mutton Korma,dish
Taxes Extra claim,not_dish
Combo Offer and,not_dish
Dal Makhani,dish
Chef's Special speak,not_dish
New Arrival actually,not_dish
Spicy fish,not_dish
Extra Cheese public,not_dish
Margherita Pizza,dish
Served Daily art,not_dish
Lamb Curry,dish
Sushi Roll,dish
New Arrival discover,not_dish
Taxes Extra avoid,not_dish
Mutton Korma,dish
Fish Fry,dish
Paneer Tikka,dish
Butter Chicken,dish
Cold lose,not_dish
Sushi Roll,dish
Margherita Pizza,dish
Tandoori Roti,dish
No Onion window,not_dish
Mutton Korma,dish
Dal Makhani,dish
Butter Chicken,dish
Taxes Extra subject,not_dish
Mutton Korma,dish
Serving Size feel,not_dish
Lamb Curry,dish
New Arrival read,not_dish
No Onion wait,not_dish
Hot hope,not_dish
Butter Chicken,dish
Butter Chicken,dish
Hot perform,not_dish
Extra Cheese source,not_dish
Sushi Roll,dish
Lamb Curry,dish
Chicken Biryani,dish
Chef's Special under,not_dish
Butter Chicken,dish
Hot always,not_dish
New Arrival thank,not_dish
Butter Chicken,dish
Chicken Biryani,dish
Hot may,not_dish
Taxes Extra Mr,not_dish
Fish Fry,dish
Hot computer,not_dish
Taxes Extra guy,not_dish
Extra Cheese type,not_dish
Tandoori Roti,dish
Sushi Roll,dish
Fish Fry,dish
Try Me,not_dish
Butter Chicken,dish
Sushi Roll,dish
Fish Fry,dish
Dal Makhani,dish
Spicy she,not_dish
Tandoori Roti,dish
Serving Size television,not_dish
Chef's Special stage,not_dish
Cold theory,not_dish
Fish Fry,dish
Mishti Doi,dish
New Arrival without,not_dish
Spicy feel,not_dish
Fish Fry,dish
Cold over,not_dish
No Onion street,not_dish
Mutton Korma,dish
Chicken Biryani,dish
Combo Offer red,not_dish
Fish Fry,dish
Taxes Extra sign,not_dish
Served Daily again,not_dish
Serving Size lose,not_dish
Lamb Curry,dish
Butter Chicken,dish
Serving Size down,not_dish
Hot full,not_dish
Bacon Quiche,dish
Dal Makhani,dish
Chef's Special film,not_dish
Mutton Korma,dish
Chicken Biryani,dish
No Onion opportunity,not_dish
Serving Size instead,not_dish
Butter Chicken,dish
Paneer Tikka,dish
Spicy under,not_dish
Lamb Curry,dish
Egg Keema,dish
Taxes Extra west,not_dish
Price Varies there,not_dish
Combo Offer crime,not_dish
Price Varies ask,not_dish
Chef's Special security,not_dish
Paneer Tikka,dish
Margherita Pizza,dish
No Onion dark,not_dish
Butter Chicken,dish
Sushi Roll,dish
Dal Makhani,dish
Lamb Curry,dish
Add-ons here,not_dish
Combo Offer debate,not_dish
Price Varies never,not_dish
Dal Makhani,dish
Serving Size quite,not_dish
Hot charge,not_dish
Mutton Korma,dish
Extra Toppings,not_dish
Methi Paratha,dish
Hot watch,not_dish
Combo Offer all,not_dish
Mutton Korma,dish
Tandoori Roti,dish
Fish Fry,dish
No Onion before,not_dish
Hot forward,not_dish
Cold sister,not_dish
Paneer Tikka,dish
Extra Cheese who,not_dish
Tandoori Roti,dish
Check-In,not_dish
Lamb Curry,dish
Taxes Extra tonight,not_dish
Add-ons car,not_dish
Chef's Special ten,not_dish
Fish Fry,dish
Online Exclusive,not_dish
Margherita Pizza,dish
Sushi Roll,dish
Lamb Curry,dish
Extra Cheese every,not_dish
Hot power,not_dish
Tandoori Roti,dish
Fish Fry,dish
Churma,dish
Served Daily arm,not_dish
Price Varies that,not_dish
New Arrival authority,not_dish
Serving Size friend,not_dish
Reservation Desk,not_dish
Cold soldier,not_dish
Fish Fry,dish
Chicken Biryani,dish
Serving Size measure,not_dish
Butter Chicken,dish
Taxes Extra picture,not_dish
Dal Makhani,dish
Tandoori Roti,dish
Fish Fry,dish
Chicken Biryani,dish
Margherita Pizza,dish
Butter Chicken,dish
Sushi Roll,dish
No Onion spend,not_dish
Dal Makhani,dish
Tandoori Roti,dish
Sushi Roll,dish
Mutton Korma,dish
Free WiFi,not_dish
Sushi Roll,dish
Dal Makhani,dish
New Arrival sport,not_dish
Chef's Special figure,not_dish
Chicken Biryani,dish
Combo Offer law,not_dish
Butter Chicken,dish
Paneer Tikka,dish
Lamb Curry,dish
Hot it,not_dish
Sushi Roll,dish
Paneer Tikka,dish
Mutton Korma,dish
Cold oil,not_dish
Taxes Extra back,not_dish
Hot probably,not_dish
Sushi Roll,dish
Serving Size professional,not_dish
Hot case,not_dish
Chef's Special own,not_dish
Price Varies manager,not_dish
Cheesy Nachos,dish
Mutton Korma,dish
Sushi Roll,dish
Sushi Roll,dish
Cold six,not_dish
Extra Cheese view,not_dish
Serving Size study,not_dish
Dal Makhani,dish
Paneer Tikka,dish
Cajun Potatoes,dish
Taxes Extra window,not_dish
Chicken Biryani,dish
Paneer Tikka,dish
Tandoori Roti,dish
Fish Fry,dish
Apple Strudel,dish
Chicken Biryani,dish
Lamb Curry,dish
Spicy those,not_dish
Fish Fry,dish
Sushi Roll,dish
Tandoori Roti,dish
Butter Chicken,dish
Apple Pie,dish
Chef's Special possible,not_dish
Margherita Pizza,dish
Fish Fry,dish
Lamb Curry,dish
Add-ons affect,not_dish
Lamb Curry,dish
Chef's Special buy,not_dish
Chicken Biryani,dish
Tandoori Roti,dish
Chicken Biryani,dish
Chicken Biryani,dish
Fish Fry,dish
Butter Chicken,dish
Spicy either,not_dish
Add-ons five,not_dish
Paneer Tikka,dish
Hot house,not_dish
Lamb Curry,dish
No Onion picture,not_dish
Mutton Korma,dish
Hot somebody,not_dish
Add-ons southern,not_dish
Taxes Extra what,not_dish
Price Varies together,not_dish
Margherita Pizza,dish
Chicken Biryani,dish
Corn Soup,dish
Butter Chicken,dish
Serving Size if,not_dish
Hot carry,not_dish
Tandoori Roti,dish
Dal Makhani,dish
Mutton Korma,dish
Lamb Curry,dish
Sushi Roll,dish
Price Varies establish,not_dish
Bhutte Ka Kees,dish
Butter Chicken,dish
Margherita Pizza,dish
Price Varies land,not_dish
Paneer Tikka,dish
Fish Fry,dish
Paneer Tikka,dish
Served Daily respond,not_dish
Combo Offer rise,not_dish
Butter Chicken,dish
Taxes Extra even,not_dish
Butter Chicken,dish
Combo Offer sport,not_dish
Dal Makhani,dish
Served Daily sit,not_dish
No Onion new,not_dish
Chef's Special share,not_dish
Hot herself,not_dish
Chef's Special wonder,not_dish
Tandoori Roti,dish
Chicken Biryani,dish
Fish Fry,dish
Sweet Corn Soup,dish
No Onion yet,not_dish
Margherita Pizza,dish
Spicy force,not_dish
Dal Makhani,dish
New Arrival trip,not_dish
New Arrival describe,not_dish
Spicy work,not_dish
Combo Offer population,not_dish
Sushi Roll,dish
Add-ons table,not_dish
Mutton Korma,dish
Cold safe,not_dish
Sushi Roll,dish
Chicken Biryani,dish
Extra Cheese poor,not_dish
Fish Fry,dish
Spicy response,not_dish
Serving Size prepare,not_dish
Margherita Pizza,dish
Lamb Curry,dish
Paneer Tikka,dish
Fish Fry,dish
Chicken Biryani,dish
No Onion national,not_dish
Margherita Pizza,dish
New Arrival cold,not_dish
Serving Size trade,not_dish
Spicy speak,not_dish
Add-ons enjoy,not_dish
Fish Fry,dish
Serving Size clear,not_dish
Cold right,not_dish
Margherita Pizza,dish
No Onion identify,not_dish
Sushi Roll,dish
Combo Offer only,not_dish
Add-ons marriage,not_dish
Serving Size resource,not_dish
Cold look,not_dish
Taxes Extra bed,not_dish
Serving Size capital,not_dish
Add-ons unit,not_dish
Fish Fry,dish
Chef's Special range,not_dish
Fish Fry,dish
Chef's Special approach,not_dish
No Onion suffer,not_dish
Dal Makhani,dish
Taxes Extra agreement,not_dish
Tandoori Roti,dish
Paneer Tikka,dish
Tandoori Roti,dish
Paneer Tikka,dish
No Onion fish,not_dish
Taxes Extra structure,not_dish
Sushi Roll,dish
Butter Chicken,dish
A3,not_dish
Chicken Quesadilla,dish
No Onion walk,not_dish
Mutton Korma,dish
Price Varies move,not_dish
New Arrival woman,not_dish
Extra Cheese not,not_dish
Add-ons pick,not_dish
Serving Size sing,not_dish
Tandoori Roti,dish
Sushi Roll,dish
Sushi Roll,dish
Tandoori Roti,dish
Extra Cheese strategy,not_dish
Butter Chicken,dish
Served Daily easy,not_dish
Butter Chicken,dish
Dal Makhani,dish
Sushi Roll,dish
Sushi Roll,dish
Mutton Korma,dish
Taxes Extra center,not_dish
New Arrival finish,not_dish
Serving Size picture,not_dish
Fish Fry,dish
Dal Makhani,dish
Paneer Tikka,dish
New Arrival old,not_dish
Pumpkin Soup,dish
Combo Offer company,not_dish
Served Daily hospital,not_dish
Margherita Pizza,dish
Lamb Curry,dish
Premium,not_dish
Extra Cheese war,not_dish
Cold rule,not_dish
Mutton Korma,dish
Dal Makhani,dish
Add-ons prepare,not_dish
Combo Offer still,not_dish
Fish Fry,dish
Butter Chicken,dish
No Onion board,not_dish
Served Daily class,not_dish
Vegetable Kulcha,dish
Price Varies clearly,not_dish
Serving Size want,not_dish
Chef's Special still,not_dish
Fish Fry,dish
Fish Fry,dish
Served Daily environmental,not_dish
Hot world,not_dish
Paneer Tikka,dish
Paneer Tikka,dish
Combo Offer rate,not_dish
Dal Makhani,dish
Dal Makhani,dish
Chef's Special fact,not_dish
Lamb Curry,dish
Dal Makhani,dish
Dal Makhani,dish
Butter Chicken,dish
Sushi Roll,dish
Sushi Roll,dish
Hot sure,not_dish
Margherita Pizza,dish
Extra Cheese feel,not_dish
Served Daily wife,not_dish
Lamb Curry,dish
Spicy themselves,not_dish
New Arrival someone,not_dish
Lamb Curry,dish
Extra Cheese go,not_dish
Paneer Tikka,dish
Fish Fry,dish
Spicy soldier,not_dish
Chicken Biryani,dish
No Onion section,not_dish
Chef's Special seat,not_dish
Taxes Extra election,not_dish
Sushi Roll,dish
Nethili Fry,dish
Mutton Korma,dish
Butter Chicken,dish
Combo Offer behind,not_dish
Paneer Tikka,dish
Butter Chicken,dish
Served Daily painting,not_dish
Lamb Curry,dish
Margherita Pizza,dish
No Onion design,not_dish
Main Course,not_dish
Extra Cheese development,not_dish
Tandoori Roti,dish
Lamb Rogan Josh,dish
Paneer Tikka,dish
Chicken Biryani,dish
Served Daily so,not_dish
Tandoori Roti,dish
Lamb Curry,dish
Margherita Pizza,dish
Dal Makhani,dish
Mutton Korma,dish
Taxes Extra key,not_dish
Combo Offer here,not_dish
Served Daily may,not_dish
Serving Size first,not_dish
Spicy throw,not_dish
Lamb Curry,dish
Margherita Pizza,dish
Served Daily stock,not_dish
Combo Offer create,not_dish
Served Daily throughout,not_dish
Tandoori Roti,dish
Price Varies scene,not_dish
Cold stay,not_dish
Chicken Biryani,dish
Fried Squid,dish
Combo Offer claim,not_dish
Dal Makhani,dish
Tandoori Roti,dish
Taxes Extra appear,not_dish
Fish Fry,dish
Mutton Korma,dish
Dal Makhani,dish
Extra Cheese work,not_dish
Butter Chicken,dish
Rooftop Dining,not_dish
Chicken Biryani,dish
Fish Fry,dish
Taxes Extra same,not_dish
Margherita Pizza,dish
Bread Omelette,dish
Price Varies rise,not_dish
Sushi Roll,dish
No Onion bar,not_dish
Paneer Tikka,dish
Margherita Pizza,dish
Dal Makhani,dish
Tandoori Roti,dish
Mutton Korma,dish
Lamb Curry,dish
Chef's Special think,not_dish
Margherita Pizza,dish
Add-ons fight,not_dish
Fish Fry,dish
Serving Size evidence,not_dish
Margherita Pizza,dish
Dal Makhani,dish
Price Varies possible,not_dish
Spicy high,not_dish
Sushi Roll,dish
Mutton Korma,dish
Spicy pick,not_dish
Paneer Tikka,dish
Mutton Korma,dish
Served Daily court,not_dish
Served Daily yourself,not_dish
Tandoori Roti,dish
Hot although,not_dish
Combo Offer wish,not_dish
New Arrival dream,not_dish
Margherita Pizza,dish
Chicken Biryani,dish
Margherita Pizza,dish
Margherita Pizza,dish
Margherita Pizza,dish
Dal Makhani,dish
Combo Offer safe,not_dish
Lamb Curry,dish
New Arrival begin,not_dish
Tandoori Roti,dish
Lamb Curry,dish
Paneer Tikka,dish
Dal Makhani,dish
Spicy force,not_dish
No Onion No Garlic,not_dish
Combo Offer attack,not_dish
Mutton Korma,dish
Tandoori Roti,dish
Extra Cheese break,not_dish
Lamb Curry,dish
No Onion figure,not_dish
Butter Chicken,dish
Sushi Roll,dish
Combo Offer town,not_dish
Chicken Biryani,dish
Margherita Pizza,dish
Cold I,not_dish
Lamb Curry,dish
Tandoori Roti,dish
Taxes Extra third,not_dish
New Arrival agency,not_dish
Quiche Lorraine,dish
Add-ons should,not_dish
Tandoori Roti,dish
Hot property,not_dish
Margherita Pizza,dish
Chicken Biryani,dish
Chef's Special husband,not_dish
Dal Makhani,dish
Price Varies focus,not_dish
Sushi Roll,dish
In House,not_dish
Chicken Biryani,dish
Fish Fry,dish
Mutton Korma,dish
App Only,not_dish
Spicy senior,not_dish
Combo Offer heavy,not_dish
Dal Makhani,dish
Mutton Korma,dish
Add-ons their,not_dish
Sushi Roll,dish
Mutton Korma,dish
Fish Fry,dish
Paneer Tikka,dish
Sushi Roll,dish
Margherita Pizza,dish
Paneer Tikka,dish
Chicken Biryani,dish
Cold either,not_dish
Price Varies thing,not_dish
Dal Makhani,dish
Chef's Special project,not_dish
Spicy hard,not_dish
Combo Offer because,not_dish
Cold do,not_dish
Butter Chicken,dish
Lamb Curry,dish
Cold affect,not_dish
Fish Fry,dish
Dal Makhani,dish
Serving Size magazine,not_dish
Chicken Biryani,dish
Sushi Roll,dish
Chicken Biryani,dish
Chicken Biryani,dish
Mutton Korma,dish
Medu Vada,dish
No Onion site,not_dish
Buffalo Wings,dish
Tandoori Roti,dish
Hot off,not_dish
No Onion itself,not_dish
Butter Chicken,dish
Cold common,not_dish
Extra Cheese according,not_dish
Add-ons situation,not_dish
Egg Roll,dish
No Onion box,not_dish
Chicken Tikka,dish
New Arrival attorney,not_dish
Tandoori Roti,dish
New Arrival together,not_dish
Taxes Extra fact,not_dish
Spicy section,not_dish
Paneer Tikka,dish
Fish Fry,dish
Serving Size once,not_dish
Today Only,not_dish
Lamb Curry,dish
Lamb Curry,dish
Chicken Biryani,dish
Fish Fry,dish
Mutton Korma,dish
Sushi Roll,dish
Lamb Curry,dish
Taxes Extra bring,not_dish
Price Varies old,not_dish
Margherita Pizza,dish
New Arrival everything,not_dish
Fish Fry,dish
Fish Fry,dish
Dal Makhani,dish
Dal Makhani,dish
Starters,not_dish
Sushi Roll,dish
Lamb Curry,dish
Dal Makhani,dish
Cold increase,not_dish
Extra Cheese scientist,not_dish
Chef's Special his,not_dish
Spicy day,not_dish
Mutton Korma,dish
Serving Size heavy,not_dish
Extra Cheese resource,not_dish
Tandoori Roti,dish
Mutton Korma,dish
Dal Makhani,dish
Fish Fry,dish
Margherita Pizza,dish
Combo Offer how,not_dish
Egg Curry Sandwich,dish
Served Daily night,not_dish
Served Daily meet,not_dish
Hot tell,not_dish
Paneer Tikka,dish
Taxes Extra whole,not_dish
New Arrival ever,not_dish
Chatpata Corn,dish
Spicy dog,not_dish
Pickup Slot,not_dish
Served Daily future,not_dish
Sushi Roll,dish
Fish Fry,dish
Chicken Biryani,dish
Chicken Biryani,dish
Mango Pudding,dish
Dal Makhani,dish
Combo Offer now,not_dish
Margherita Pizza,dish
Sushi Roll,dish
Balcony,not_dish
Paneer Tikka,dish
Mutton Korma,dish
Tandoori Roti,dish
Paneer Tikka,dish
New Arrival one,not_dish
Lamb Curry,dish
Margherita Pizza,dish
Served Daily skin,not_dish
Served Daily factor,not_dish
Sushi Roll,dish
Combo Offer decade,not_dish
Extra Cheese back,not_dish
Paneer Tikka,dish
Tandoori Roti,dish
Butter Chicken,dish
Chingri Malai Curry,dish
Chicken Biryani,dish
Spinach Corn Curry,dish
New Arrival visit,not_dish
Sheer Kurma,dish
New Arrival but,not_dish
Mutton Korma,dish
Combo Offer once,not_dish
No Onion sister,not_dish
Add-ons accept,not_dish
Serving Size south,not_dish
Spicy chair,not_dish
Taxes Extra return,not_dish
Hot out,not_dish
Taxes Extra available,not_dish
Sushi Roll,dish
Chef's Special mouth,not_dish
Paneer Tikka,dish
Masala Papad,dish
Mutton Korma,dish
Chole Bhature,dish
Combo Offer pull,not_dish
Hot talk,not_dish
Sushi Roll,dish
Tandoori Roti,dish
New Arrival happen,not_dish
Cold probably,not_dish
Butter Chicken,dish
Contactless,not_dish
Fish Fry,dish
Butter Chicken,dish
Margherita Pizza,dish
Serving Size scene,not_dish
Margherita Pizza,dish
Serving Size budget,not_dish
Extra Cheese view,not_dish
Cold young,not_dish
Mutton Korma,dish
Tandoori Roti,dish
Chicken Sizzler,dish
Lamb Curry,dish
New Arrival American,not_dish
Mutton Korma,dish
Served Daily try,not_dish
Onion Uttapam,dish
Rajma Chawal,dish
Tandoori Roti,dish
Taxes Extra draw,not_dish
Serving Size draw,not_dish
No Onion system,not_dish
Extra Cheese old,not_dish
Vegetable Korma,dish
Lamb Curry,dish
Spicy language,not_dish
Taxes Extra instead,not_dish
Combo Offer as,not_dish
Serving Size end,not_dish
Add-ons significant,not_dish
Tandoori Roti,dish
Chef's Special father,not_dish
Combo Offer nothing,not_dish
Dal Makhani,dish
Margherita Pizza,dish
Butter Chicken,dish
Chicken Biryani,dish
Paneer Tikka,dish
Price Varies information,not_dish
Cold science,not_dish
No Onion pay,not_dish
Paneer Tikka,dish
Sushi Roll,dish
Dal Makhani,dish
Price Varies her,not_dish
Serving Size style,not_dish
Out of Stock,not_dish
Spicy reality,not_dish
Serving Size million,not_dish
Serving Size past,not_dish
No Onion represent,not_dish
Dal Makhani,dish
Chef's Special public,not_dish
Paneer Tikka,dish
Price Varies discussion,not_dish
Add-ons group,not_dish
Mutton Korma,dish
Chicken Biryani,dish
Sushi Roll,dish
Cold trip,not_dish
Sushi Roll,dish
Served Daily tend,not_dish
Cold assume,not_dish
No Onion song,not_dish
Fish Fry,dish
Extra Cheese practice,not_dish
Sushi Roll,dish
Combo Offer significant,not_dish
Tandoori Roti,dish
Taxes Extra eight,not_dish
Chef's Special system,not_dish
Hot say,not_dish
Margherita Pizza,dish
CLOSED,not_dish
Dal Makhani,dish
Tandoori Roti,dish
Spicy good,not_dish
Dal Makhani,dish
Margherita Pizza,dish
New Arrival want,not_dish
Margherita Pizza,dish
Sushi Roll,dish
Table Reserved,not_dish
Margherita Pizza,dish
Serving Size democratic,not_dish
No Onion boy,not_dish
Margherita Pizza,dish
Fish Fry,dish
Fish Fry,dish
New Arrival happen,not_dish
Chef's Special effort,not_dish
Butter Chicken,dish
Chicken Biryani,dish
Margherita Pizza,dish
Combo Offer boy,not_dish
Combo Offer could,not_dish
Dal Makhani,dish
Tandoori Roti,dish
Serving Size there,not_dish
Cold use,not_dish
Margherita Pizza,dish
No Onion national,not_dish
Served Daily peace,not_dish
Served Daily test,not_dish
Extra Cheese another,not_dish
Chef's Special through,not_dish
Tandoori Roti,dish
Pay Bill Here,not_dish
Services,not_dish
New Arrival discussion,not_dish
Margherita Pizza,dish
Chicken Biryani,dish
Add-ons that,not_dish
No Entry,not_dish
Serving Size candidate,not_dish
Lamb Curry,dish
Fish Fry,dish
Hot hair,not_dish
Mutton Korma,dish
Add-ons career,not_dish
Lamb Curry,dish
Chef's Special produce,not_dish
Chicken Biryani,dish
Taxes Extra charge,not_dish
Paneer Butter Masala,dish
Chef's Special move,not_dish
No Onion animal,not_dish
New Arrival word,not_dish
All Major Cards,not_dish
Paneer Tikka,dish
Paneer Tikka,dish
Hot table,not_dish
Tandoori Roti,dish
Price Varies later,not_dish
Taxes Extra much,not_dish
Chef's Special send,not_dish
No Onion movement,not_dish
Cold rock,not_dish
GST 18%,not_dish
Margherita Pizza,dish
Hot character,not_dish
Lamb Curry,dish
Margherita Pizza,dish
Cold start,not_dish
Combo Offer me,not_dish
Spicy girl,not_dish
Spicy child,not_dish
Add-ons avoid,not_dish
Extra Cheese increase,not_dish
Taxes Extra talk,not_dish
Mutton Korma,dish
Combo Offer purpose,not_dish
Mutton Korma,dish
Fish Fry,dish
Paya Soup,dish
Tax Not Included,not_dish
Butter Chicken,dish
Price Varies teacher,not_dish
Lamb Curry,dish
Serving Size plan,not_dish
Dal Makhani,dish
Taxes Extra walk,not_dish
Tandoori Roti,dish
Served Daily voice,not_dish
Mutton Korma,dish
Chef's Special employee,not_dish
Cold analysis,not_dish
Chicken Biryani,dish
Fish Fry,dish
Extra Cheese he,not_dish
Cold they,not_dish
Kid Friendly,not_dish
No Onion sign,not_dish
Hot world,not_dish
Tandoori Roti,dish
Spicy wall,not_dish
Chef's Special boy,not_dish
New Arrival bit,not_dish
Chef's Special field,not_dish
Chicken Biryani,dish
Serving Size fill,not_dish
Margherita Pizza,dish
Taxes Extra traditional,not_dish
Tandoori Roti,dish
Tandoori Roti,dish
Extra Cheese different,not_dish
Serving Size black,not_dish
Cold glass,not_dish
Mutton Korma,dish
Paneer Tikka,dish
Butter Chicken,dish
Butter Chicken,dish
Margherita Pizza,dish
Dal Makhani,dish
New Arrival common,not_dish
Margherita Flatbread,dish
Serving Size threat,not_dish
Taxes Extra man,not_dish
Paneer Tikka,dish
Combo Offer along,not_dish
Lamb Curry,dish
Chicken Biryani,dish
Chef's Special decision,not_dish
Change Table,not_dish
Fish Fry,dish
Paneer Tikka,dish
Chef's Special serve,not_dish
Cold lawyer,not_dish
Butter Chicken,dish
Dal Makhani,dish
Spicy any,not_dish
Hot Selling,not_dish
Butter Chicken,dish
Price Varies mission,not_dish
Combo Offer fight,not_dish
Mutton Korma,dish
Tandoori Roti,dish
Margherita Pizza,dish
Butter Chicken,dish
Extra Cheese school,not_dish
Butter Chicken,dish
Margherita Pizza,dish
Dal Makhani,dish
Veg Pesto Pizza,dish
Paneer Tikka,dish
Entry Free,not_dish
Lamb Curry,dish
Taxes Extra around,not_dish
Tandoori Roti,dish
Served Daily phone,not_dish
Spicy bag,not_dish
Price Varies good,not_dish
Bar Open,not_dish
Chef's Special live,not_dish
Taxes Extra adult,not_dish
Add-ons point,not_dish
Mutton Korma,dish
Combo Offer including,not_dish
Extra Cheese instead,not_dish
Margherita Pizza,dish
Chicken Biryani,dish
Fish Fry,dish
Sushi Roll,dish
Sushi Roll,dish
Served Daily ready,not_dish
--,not_dish
Served Daily quickly,not_dish
Taxes Extra yeah,not_dish
Extra Cheese with,not_dish
Spicy remain,not_dish
Cold former,not_dish
Tandoori Roti,dish
Dal Makhani,dish
Add-ons us,not_dish
Taxes Extra religious,not_dish
Dal Makhani,dish
Lamb Curry,dish
Tandoori Roti,dish
Taxes Extra thus,not_dish
Serving Size key,not_dish
Spicy firm,not_dish
Sushi Roll,dish
Margherita Pizza,dish
Sushi Roll,dish
Fish Fry,dish
No Onion four,not_dish
Paneer Tikka,dish
Spicy second,not_dish
Price Varies whose,not_dish
Margherita Pizza,dish
Serving Size total,not_dish
Served Daily building,not_dish
Paneer Tikka,dish
Chef's Special power,not_dish
Tandoori Roti,dish
Tandoori Roti,dish
New Arrival leg,not_dish
Margherita Pizza,dish
Served Daily artist,not_dish
Cold also,not_dish
Combo Offer within,not_dish
Spicy history,not_dish
Fish Fry,dish
Chicken Biryani,dish
Palak Soup,dish
Mutton Korma,dish
Sushi Roll,dish
Tandoori Roti,dish
Chicken Biryani,dish
Price Varies notice,not_dish
Spicy company,not_dish
Serving Size trial,not_dish
Sushi Roll,dish
Serving Size store,not_dish
Chef's Special city,not_dish
Fish Fry,dish
Tandoori Roti,dish
Taxes Extra gas,not_dish
Lamb Curry,dish
Paneer Tikka,dish
Margherita Pizza,dish
Fish Fry,dish
Combo Offer old,not_dish
Margherita Pizza,dish
Sushi Roll,dish
Lamb Curry,dish
Hot image,not_dish
Limited Offer,not_dish
Butter Chicken,dish
Served Daily message,not_dish
Taxes Extra land,not_dish
Tandoori Roti,dish
No Onion only,not_dish
Butter Chicken,dish
Mutton Korma,dish
EMI Offer,not_dish
Sit Down,not_dish
Paneer Tikka,dish
Dal Makhani,dish
Egg Fried Noodles,dish
No Onion mission,not_dish
No Onion weight,not_dish
No Onion responsibility,not_dish
Paneer Tikka,dish
No Onion experience,not_dish
Extra Cheese fly,not_dish
Litti Chokha,dish
Fish Fry,dish
Tandoori Roti,dish
Price Varies on,not_dish
Paneer Pizza,dish
New Arrival you,not_dish
Fresh,not_dish
No Onion evening,not_dish
No Onion fish,not_dish
Taxes Extra here,not_dish
Margherita Pizza,dish
Price Varies suggest,not_dish
Served Daily plant,not_dish
No Onion believe,not_dish
Add to cart,not_dish
Margherita Pizza,dish
No Onion even,not_dish
Spicy attention,not_dish
Margherita Pizza,dish
Chana Sundal,dish
Paneer Tikka,dish
Served Daily college,not_dish
Kosha Mangsho,dish
Order Online,not_dish
Cold yes,not_dish
No Onion end,not_dish
Serving Size wife,not_dish
Mutton Korma,dish
Add-ons real,not_dish
Spicy month,not_dish
Tandoori Roti,dish
Mutton Korma,dish
Butter Chicken,dish
Add-ons detail,not_dish
Spicy store,not_dish
Margherita Pizza,dish
Butter Chicken,dish
Chef's Special middle,not_dish
Served Daily cold,not_dish
Cold cultural,not_dish
Add-ons building,not_dish
Price Varies knowledge,not_dish
Dal Makhani,dish
Dal Makhani,dish
Mutton Korma,dish
Extra Cheese lot,not_dish
Served Daily would,not_dish
Butter Chicken,dish
Cold form,not_dish
Served Daily nearly,not_dish
New Arrival success,not_dish
Sushi Roll,dish
Served Daily science,not_dish
Extra Sauce,not_dish
Add-ons president,not_dish
Chef's Special debate,not_dish
Add-ons agreement,not_dish
Sushi Roll,dish
Lamb Curry,dish
Sushi Roll,dish
Dal Makhani,dish
Lamb Curry,dish
Margherita Pizza,dish
Butter Chicken,dish
Served Daily difference,not_dish
Extra Cheese eye,not_dish
Next Counter,not_dish
Serving Size low,not_dish
Chef's Special base,not_dish
Margherita Pizza,dish
Serving Size race,not_dish
Taxes Extra move,not_dish
Hot off,not_dish
Fish Fry,dish
Butter Chicken,dish
New Arrival bill,not_dish
Dal Makhani,dish
Veg Club Sandwich,dish
Butter Chicken,dish
Dal Makhani,dish
Mutton Korma,dish
Butter Chicken,dish
Dal Makhani,dish
Taxes Extra talk,not_dish
Mutton Korma,dish
Tiramisu,dish
Price Varies little,not_dish
Serving Size from,not_dish
Combo Offer everyone,not_dish
Price Varies boy,not_dish
Mutton Korma,dish
Served Daily rise,not_dish
Butter Chicken,dish
New Arrival later,not_dish
Hot guy,not_dish
No Onion protect,not_dish
Sushi Roll,dish
Dal Makhani,dish
Chicken Biryani,dish
Extra Cheese low,not_dish
Served Daily section,not_dish
Cold must,not_dish
Mutton Korma,dish
Murgh Musallam,dish
Combo Offer positive,not_dish
Sushi Roll,dish
Lamb Curry,dish
Hot important,not_dish
Margherita Pizza,dish
Combo Offer cell,not_dish
Mutton Korma,dish
Hot now,not_dish
Lamb Curry,dish
New Arrival way,not_dish
Lamb Curry,dish
Hot fly,not_dish
Margherita Pizza,dish
Paneer Tikka,dish
Chicken Biryani,dish
New Arrival cover,not_dish
Fish Fry,dish
Taxes Extra sell,not_dish
Paneer Tikka,dish
Taxes Extra analysis,not_dish
Chicken Biryani,dish
Fish Fry,dish
Express Delivery,not_dish
Chicken Biryani,dish
Dal Makhani,dish
Paneer Tikka,dish
Tandoori Roti,dish
Extra Cheese many,not_dish
Chef's Special himself,not_dish
Butter Chicken,dish
Cold including,not_dish
Price Varies little,not_dish
Butter Chicken,dish
Lamb Curry,dish
Butter Chicken,dish
Butter Chicken,dish
Mutton Korma,dish
Spicy hold,not_dish
Add-ons first,not_dish
Extra Cheese whatever,not_dish
Chicken Biryani,dish
Fish Fry,dish
Paneer Tikka,dish
Sushi Roll,dish
Chicken Kolhapuri,dish
Cold job,not_dish
Mutton Korma,dish
Cold probably,not_dish
Served Daily marriage,not_dish
Chicken Biryani,dish
Book Now,not_dish
Add-ons most,not_dish
Combo Offer international,not_dish
New Arrival kid,not_dish
No Pets,not_dish
Chicken Biryani,dish
Greek Yogurt Parfait,dish
No Onion clearly,not_dish
Margherita Pizza,dish
Tandoori Roti,dish
Chicken Biryani,dish
No Onion bag,not_dish
Mutton Korma,dish
Spicy two,not_dish
Add-ons choice,not_dish
Sushi Roll,dish
Price Varies remember,not_dish
Butter Chicken,dish
Fish Fry,dish
Tandoori Roti,dish
Serving Size computer,not_dish
Taxes Extra attorney,not_dish
Extra Cheese economy,not_dish
No Onion subject,not_dish
New Arrival way,not_dish
Sushi Roll,dish
Serving Size decade,not_dish
Serving Size record,not_dish
Paneer Tikka,dish
Tandoori Roti,dish
Chicken Biryani,dish
Veg Cutlet,dish
Margherita Pizza,dish
Butter Chicken,dish
Margherita Pizza,dish
Fish Fry,dish
Combo Offer but,not_dish
Combo Offer write,not_dish
Served Daily turn,not_dish
No Onion now,not_dish
New Arrival hundred,not_dish
Serving Size summer,not_dish
New Arrival matter,not_dish
Dal Makhani,dish
Hot who,not_dish
Served Daily hot,not_dish
Mutton Korma,dish
Fish Fry,dish
Chef's Special action,not_dish
Chef's Special outside,not_dish
Fish Fry,dish
Sushi Roll,dish
Spicy mission,not_dish
Red Dot,not_dish
Extra Cheese summer,not_dish
Paneer Tikka,dish
Take Away,not_dish
Cold central,not_dish
No Onion note,not_dish
Fish Fry,dish
Served Daily guess,not_dish
Hot lawyer,not_dish
Serving Size tend,not_dish
No Onion meet,not_dish
Paneer Roll,dish
Extra Cheese receive,not_dish
Butter Chicken,dish
Hot room,not_dish
New Arrival change,not_dish
Margherita Pizza,dish
Paneer Tikka,dish
Hot describe,not_dish
Paneer Tikka,dish
Margherita Pizza,dish
Chicken Biryani,dish
Spicy scene,not_dish
Dal Makhani,dish
Lamb Curry,dish
Sushi Roll,dish
New Arrival upon,not_dish
Dal Makhani,dish
Paneer Tikka,dish
New Arrival I,not_dish
Shrimp Fried Rice,dish
Moong Dal Halwa,dish
Extra Cheese player,not_dish
Spicy charge,not_dish
Margherita Pizza,dish
Fish Fry,dish
Fish Fry,dish
Sushi Roll,dish
Combo Offer part,not_dish
New Arrival may,not_dish
Spicy former,not_dish
Add-ons PM,not_dish
Price Varies main,not_dish
Dal Makhani,dish
Butter Chicken,dish
Served Daily few,not_dish
Sushi Roll,dish
Tuna Sandwich,dish
Margherita Pizza,dish
No Onion energy,not_dish
Price Varies Republican,not_dish
Spicy card,not_dish
Hot street,not_dish
Sushi Roll,dish
Combo Offer financial,not_dish
Veg Quesadilla,dish
Served Daily determine,not_dish
New Arrival list,not_dish
Combo Offer whatever,not_dish
Frankie Roll,dish
Dal Makhani,dish
Paneer Tikka,dish
Fish Fry,dish
Sushi Roll,dish
No Onion then,not_dish
Taxes Extra against,not_dish
Chef's Special treat,not_dish
Extra Cheese late,not_dish
Taxes Extra model,not_dish
Sushi Roll,dish
Tandoori Roti,dish
Spicy energy,not_dish
New Arrival send,not_dish
Extra Cheese explain,not_dish
Fish Fry,dish
Bestseller,not_dish
Butter Chicken,dish
Price Varies road,not_dish
Sushi Roll,dish
No Onion identify,not_dish
Butter Chicken,dish
Add-ons foot,not_dish
Mutton Korma,dish
No Onion plan,not_dish
Spicy listen,not_dish
No Onion be,not_dish
Butter Chicken,dish
Margherita Pizza,dish
New Arrival office,not_dish
Margherita Pizza,dish
Chef's Special choose,not_dish
Price Varies each,not_dish
Sushi Roll,dish
Butter Chicken,dish
No Onion light,not_dish
Lamb Curry,dish
Cold way,not_dish
Serving Size nice,not_dish
Chicken Biryani,dish
New Arrival medical,not_dish
Fish Fry,dish
Butter Chicken,dish
Extra Cheese stay,not_dish
Tandoori Roti,dish
Margherita Pizza,dish
Lamb Curry,dish
Extra Cheese television,not_dish
Sushi Roll,dish
No Onion response,not_dish
Add-ons air,not_dish
Bathinda Branch,not_dish
Mutton Korma,dish
Lamb Curry,dish
Serving Size apply,not_dish
Butter Chicken,dish
Mutton Korma,dish
Spicy peace,not_dish
Lamb Curry,dish
Add-ons bag,not_dish
Cold center,not_dish
Fish Fry,dish
Served Daily court,not_dish
Tandoori Roti,dish
Lamb Curry,dish
Spicy full,not_dish
Taxes Extra firm,not_dish
Lamb Curry,dish
Sushi Roll,dish
Serving Size yeah,not_dish
No Onion site,not_dish
Spicy response,not_dish
Veggie Omelette,dish
Paneer Malai Tikka,dish
No Onion believe,not_dish
Paneer Tikka,dish
Served Daily pattern,not_dish
Chef's Special agree,not_dish
New Arrival foreign,not_dish
New Arrival continue,not_dish
Sushi Roll,dish
Chicken Curry,dish
Chicken Biryani,dish
Fish Fry,dish
Spicy food,not_dish
Taxes Extra participant,not_dish
Sushi Roll,dish
Serving Size high,not_dish
Cold present,not_dish
Taxes Extra me,not_dish
Chicken Biryani,dish
Tandoori Roti,dish
Mango Lassi,dish
Extra Cheese statement,not_dish
Fish Fry,dish
Tandoori Roti,dish
Fish Fry,dish
Spicy significant,not_dish
Margherita Pizza,dish
Kathi Roll,dish
Fish Fry,dish
Mutton Korma,dish
Buffet Timings,not_dish
Taxes Extra tough,not_dish
Combo Offer several,not_dish
Chef's Special American,not_dish
Sushi Roll,dish
Extra Cheese poor,not_dish
Pineapple Sheera,dish
Chef's Special environmental,not_dish
Serving Size easy,not_dish
Spicy usually,not_dish
Sushi Roll,dish
No Onion like,not_dish
Margherita Pizza,dish
Mutton Korma,dish
Taxes Extra former,not_dish
No Onion matter,not_dish
Chicken Biryani,dish
Taxes Extra nothing,not_dish
Fish Fry,dish
Combo Offer suffer,not_dish
Mutton Korma,dish
Dal Makhani,dish
New Arrival recent,not_dish
Parsi Sali Boti,dish
Hot site,not_dish
Chef's Special account,not_dish
Paneer Tikka,dish
Chef's Special such,not_dish
Taxes Extra interesting,not_dish
Sushi Roll,dish
Chicken Biryani,dish
Add-ons help,not_dish
New Arrival view,not_dish
Add-ons garden,not_dish
Hot national,not_dish
Paneer Tikka,dish
Margherita Pizza,dish
Add-ons according,not_dish
Lamb Curry,dish
Tandoori Roti,dish
Hot six,not_dish
Margherita Pizza,dish
Chicken Biryani,dish
Sushi Roll,dish
Cold trade,not_dish
Extra Cheese one,not_dish
Serving Size computer,not_dish
Taxes Extra guy,not_dish
New Arrival environment,not_dish
Margherita Pizza,dish
Hot range,not_dish
Price Varies financial,not_dish
Dal Makhani,dish
Sushi Roll,dish
Lamb Curry,dish
Mysore Pak,dish
Paneer Tikka,dish
Taxes Extra discover,not_dish
No Onion plan,not_dish
Price Varies close,not_dish
Tandoori Roti,dish
Chicken Biryani,dish
No Onion before,not_dish
Cold pick,not_dish
Serving Size machine,not_dish
Price Varies evening,not_dish
Spicy house,not_dish
New Arrival when,not_dish
Patra Ni Machhi,dish
Paneer Tikka,dish
Margherita Pizza,dish
Hot matter,not_dish
Olive Tapenade,dish
Tandoori Roti,dish
Spicy appear,not_dish
Served Daily charge,not_dish
New Arrival stop,not_dish
Taxes Extra candidate,not_dish
Price Varies forget,not_dish
No Onion policy,not_dish
Paneer Tikka,dish
Chicken Biryani,dish
Paneer Tikka,dish
Price Varies some,not_dish
Served Daily win,not_dish
Fish Fry,dish
Combo Offer change,not_dish
Paneer Tikka,dish
Chicken Biryani,dish
Hot she,not_dish
Sushi Roll,dish
Serving Size particular,not_dish
Sushi Roll,dish
Add-ons western,not_dish
Dal Makhani,dish
Sushi Roll,dish
Add-ons entire,not_dish
Dal Makhani,dish
Cold play,not_dish
Butter Chicken,dish
New Arrival cut,not_dish
Chef's Special beat,not_dish
Taxes Extra chance,not_dish
Dal Makhani,dish
Hot parent,not_dish
Taxes Extra arrive,not_dish
Cold hot,not_dish
Taxes Extra owner,not_dish
Combo Offer international,not_dish
Taxes Extra enough,not_dish
Fish Fry,dish
Mutton Korma,dish
Chef's Special picture,not_dish
Dal Makhani,dish
Paneer Tikka,dish
Paneer Tikka,dish
Lamb Curry,dish
Served Daily place,not_dish
Served Daily laugh,not_dish
Paneer Tikka,dish
Tandoori Roti,dish
Dal Makhani,dish
Add-ons she,not_dish
Hot tell,not_dish
Hot growth,not_dish
Cold course,not_dish
Fish Fry,dish
Paneer Tikka,dish
Paneer Tikka,dish
Extra Cheese structure,not_dish
Chef's Special all,not_dish
New Arrival benefit,not_dish
Margherita Pizza,dish
Tandoori Roti,dish
Sushi Roll,dish
Spicy mother,not_dish
Dal Makhani,dish
Butter Chicken,dish
Cold trade,not_dish
Cold you,not_dish
Add-ons player,not_dish
Besan Ladoo,dish
Cold part,not_dish
Dal Makhani,dish
Served Daily president,not_dish
Paneer Tikka,dish
Mutton Korma,dish
Served Daily measure,not_dish
No Onion market,not_dish
Butter Chicken,dish
Combo Offer record,not_dish
Lamb Curry,dish
Served Daily wonder,not_dish
New Arrival fine,not_dish
Add-ons yet,not_dish
Dal Makhani,dish
Sushi Roll,dish
Fish Fry,dish
Taxes Extra century,not_dish
Lamb Curry,dish
Hot room,not_dish
Cold service,not_dish
Sushi Roll,dish
Price Varies above,not_dish
Lamb Curry,dish
Chicken Biryani,dish
Sushi Roll,dish
Tandoori Roti,dish
Hot television,not_dish
Spicy business,not_dish
Chicken Biryani,dish
Printed Bill,not_dish
Sushi Roll,dish
Cold middle,not_dish
Add-ons learn,not_dish
Paneer Tikka,dish
Paneer Tikka,dish
Breakfast Only,not_dish
Butter Chicken,dish
Extra Cheese sit,not_dish
Lamb Curry,dish
Fish Fry,dish
Extra Cheese day,not_dish
Sushi Roll,dish
Fish Fry,dish
Chicken Biryani,dish
Hot serve,not_dish
Dal Makhani,dish
Spicy who,not_dish
Price Varies scientist,not_dish
Serving Size relationship,not_dish
New Arrival road,not_dish
Margherita Pizza,dish
Dal Makhani,dish
Paneer Tikka,dish
No Onion position,not_dish
Fish Fry,dish
Serving Size eye,not_dish
Butter Chicken,dish
Sushi Roll,dish
New Arrival financial,not_dish
Sushi Roll,dish
Sushi Roll,dish
Lamb Curry,dish
Mutton Korma,dish
Spicy business,not_dish
Add-ons him,not_dish
No Onion station,not_dish
Extra Cheese despite,not_dish
Mutton Korma,dish
Cold church,not_dish
Lemon Tart,dish
Lamb Curry,dish
Chef's Special have,not_dish
Extra Cheese entire,not_dish
Taxes Extra off,not_dish
Spicy serious,not_dish
Sushi Roll,dish
Paneer Tikka,dish
Spicy collection,not_dish
No Onion where,not_dish
Margherita Pizza,dish
Lamb Curry,dish
Price Varies today,not_dish
Paneer Tikka,dish
Hot edge,not_dish
Tandoori Roti,dish
Chicken Biryani,dish
Only For Members,not_dish
Serving Size meeting,not_dish
Hot hope,not_dish
Butter Chicken,dish
Butter Chicken,dish
Served Daily political,not_dish
Tandoori Roti,dish
Taxes Extra since,not_dish
Combo Offer art,not_dish
Fish Fry,dish
Sushi Roll,dish
Butter Chicken,dish
Chicken Biryani,dish
Serving Size site,not_dish
Dal Makhani,dish
Butter Chicken,dish
Tandoori Roti,dish
Serving Size today,not_dish
Margherita Pizza,dish
Kashmiri Dum Aloo,dish
Serving Size story,not_dish
No Onion voice,not_dish
Paneer Tikka,dish
Extra Cheese opportunity,not_dish
New Arrival inside,not_dish
No Onion call,not_dish
Spicy series,not_dish
Sushi Roll,dish
Served Daily body,not_dish
Taxes Extra success,not_dish
Combo Offer,not_dish
Served Daily successful,not_dish
Taxes Extra political,not_dish
Shahi Tukda,dish
Mutton Korma,dish
Margherita Pizza,dish
Chicken Biryani,dish
Cold see,not_dish
Mutton Korma,dish
Margherita Pizza,dish
Combo Offer out,not_dish
Add-ons focus,not_dish
Chicken Soup,dish
Mutton Korma,dish
Tandoori Roti,dish
Chicken Biryani,dish
Chef's Special until,not_dish
No Split Bill,not_dish
Add-ons statement,not_dish
Price Varies cost,not_dish
Dal Makhani,dish
Cold could,not_dish
New Arrival thank,not_dish
Chicken Biryani,dish
New Arrival drug,not_dish
Served Daily face,not_dish
Dal Makhani,dish
Spicy nor,not_dish
Paneer Tikka,dish
No Offers,not_dish
Lamb Curry,dish
Tandoori Roti,dish
Hot professor,not_dish
Lamb Curry,dish
Extra Cheese then,not_dish
Serving Size just,not_dish
Butter Chicken,dish
Mutton Korma,dish
Chef's Special maybe,not_dish
Served Daily seem,not_dish
Fish Fry,dish
Veg,not_dish
Fish Fry,dish
Cold later,not_dish
Serving Size chance,not_dish
New Arrival head,not_dish
Tandoori Roti,dish
New Arrival relationship,not_dish
Margherita Pizza,dish
Dal Makhani,dish
Lamb Curry,dish
Cold year,not_dish
Extra Cheese left,not_dish
Fish Fry,dish
Margherita Pizza,dish
Fish Fry,dish
Sushi Roll,dish
Fish Fry,dish
Fish Fry,dish
Price Varies free,not_dish
Lamb Curry,dish
Dal Makhani,dish
Extra Cheese always,not_dish
Chicken Biryani,dish
Taxes Extra law,not_dish
Chicken Biryani,dish
Spicy maintain,not_dish
Mutton Korma,dish
Spicy professor,not_dish
Hot worry,not_dish
Combo Offer he,not_dish
Hot traditional,not_dish
Paneer Tikka,dish
Lamb Curry,dish
Butter Chicken,dish
Butter Chicken,dish
Mix Veg,dish
Margherita Pizza,dish
Served Daily free,not_dish
Combo Offer short,not_dish
Aam Ras,dish
Lamb Curry,dish
Tandoori Roti,dish
Lamb Curry,dish
Chicken Biryani,dish
Paneer Tikka,dish
Price Varies long,not_dish
Fish Fry,dish
Sushi Roll,dish
Chef's Special question,not_dish
Fish Fry,dish
Paneer Tikka,dish
Hot physical,not_dish
Taxes Extra environmental,not_dish
Mutton Korma,dish
Paneer Tikka,dish
Walk In,not_dish
Fish Fry,dish
No Onion fear,not_dish
Spicy every,not_dish
Dal Makhani,dish
Lamb Curry,dish
Chicken Biryani,dish
Tandoori Roti,dish
Chicken Biryani,dish
Taxes Extra story,not_dish
Butter Chicken,dish
Combo Offer poor,not_dish
No Onion audience,not_dish
Paneer Tikka,dish
Price Varies continue,not_dish
Dal Fry,dish
Margherita Pizza,dish
Serving Size method,not_dish
Cold design,not_dish
Add-ons ever,not_dish
Served Daily everything,not_dish
Margherita Pizza,dish
Add-ons unit,not_dish
Combo Offer yeah,not_dish
Fish Fry,dish
Serving Size front,not_dish
Lamb Curry,dish
Tandoori Pomfret,dish
Combo Offer risk,not_dish
Sushi Roll,dish
Cold lose,not_dish
Margherita Pizza,dish
Sushi Roll,dish
Butter Chicken,dish
Butter Chicken,dish
Price Varies standard,not_dish
Dal Makhani,dish
Fish Fry,dish
Combo Offer street,not_dish
Paneer Tikka,dish
Sushi Roll,dish
Margherita Pizza,dish
Serving Size board,not_dish
Served Daily reality,not_dish
Price Varies feeling,not_dish
New Arrival data,not_dish
Tandoori Roti,dish
Price Varies effect,not_dish
Spicy business,not_dish
Paneer Tikka,dish
Cold those,not_dish
Margherita Pizza,dish
Dal Makhani,dish
Hot money,not_dish
Taxes Extra pass,not_dish
New Arrival big,not_dish
Paneer Tikka,dish
Butter Chicken,dish
Hot house,not_dish
Butter Chicken,dish
Chicken Biryani,dish
Chicken Biryani,dish
Sandesh,dish
Tandoori Roti,dish
Fish Fry,dish
Sushi Roll,dish
Paneer Tikka,dish
Fish Fry,dish
Served Daily collection,not_dish
Served Daily way,not_dish
Extra Cheese future,not_dish
Kimchi Fried Rice,dish
Serving Size huge,not_dish
Combo Offer me,not_dish
Butter Chicken,dish
Taxes Extra land,not_dish
Margherita Pizza,dish
Price Varies cell,not_dish
Chef's Special less,not_dish
Chef's Special official,not_dish
Paneer Tikka,dish
Mutton Korma,dish
Cash Only,not_dish
Price Varies ball,not_dish
Taxes Extra road,not_dish
Tandoori Roti,dish
Taxes Extra kid,not_dish
New Arrival language,not_dish
Taxes Extra leave,not_dish
Serving Size personal,not_dish
Tandoori Roti,dish
Dal Makhani,dish
Fish Fry,dish
Add-ons Congress,not_dish
Mutton Korma,dish
Dal Makhani,dish
Fish Fry,dish
Combo Offer consider,not_dish
Dal Makhani,dish
Dal Makhani,dish
Cold outside,not_dish
Chicken Biryani,dish
Margherita Pizza,dish
Margherita Pizza,dish
Serving Size speech,not_dish
Fish Fry,dish
No Onion second,not_dish
Fish Fry,dish
Margherita Pizza,dish
Sushi Roll,dish
Butter Chicken,dish
Butter Chicken,dish
Price Varies with,not_dish
Served Daily mean,not_dish
Serving Size than,not_dish
Chicken Biryani,dish
Taxes Extra reality,not_dish
Spicy certain,not_dish
Taxes Extra analysis,not_dish
Lamb Curry,dish
Add-ons common,not_dish
Served Daily event,not_dish
Price Varies cost,not_dish
Butter Chicken,dish
Add-ons sit,not_dish
Fish Fry,dish
Taxes Extra key,not_dish
Chef's Special road,not_dish
Price Varies kind,not_dish
Chef's Special eye,not_dish
Serving Size product,not_dish
Fish Fry,dish
Price Varies itself,not_dish
Tandoori Roti,dish
Chicken Biryani,dish
Chicken Biryani,dish
Motichoor Ladoo,dish
Served Daily both,not_dish
Taxes Extra its,not_dish
Fish Fry,dish
Margherita Pizza,dish
Spicy direction,not_dish
Ratatouille,dish
Spicy since,not_dish
Butter Chicken,dish
Served Daily drive,not_dish
Edit Order,not_dish
Out for Delivery,not_dish
Mutton Korma,dish
Mutton Korma,dish
Lamb Curry,dish
Cold art,not_dish
Taxes Extra travel,not_dish
Extra Cheese for,not_dish
Margherita Pizza,dish
Butter Chicken,dish
Sushi Roll,dish
Sushi Roll,dish
Butter Chicken,dish
Cold scene,not_dish
New Arrival small,not_dish
No Onion suddenly,not_dish
Margherita Pizza,dish
Extra Cheese indicate,not_dish
Combo Offer mention,not_dish
Sushi Roll,dish
Mutton Korma,dish
Hot model,not_dish
Chicken Biryani,dish
Qty,not_dish
Tandoori Roti,dish
Served Daily economic,not_dish
No Onion indicate,not_dish
Tandoori Roti,dish
Lamb Curry,dish
Sushi Roll,dish
No Onion once,not_dish
Sushi Roll,dish
Cold support,not_dish
Chicken Biryani,dish
Taxes Extra one,not_dish
Sushi Roll,dish
Dal Makhani,dish
Taxes Extra admit,not_dish
No Onion magazine,not_dish
Mutton Korma,dish
Taxes Extra road,not_dish
Family Room,not_dish
Margherita Pizza,dish
Butter Chicken,dish
Margherita Pizza,dish
Butter Chicken,dish
Brownie with Ice Cream,dish
Coupon Code,not_dish
Dal Makhani,dish
Butter Chicken,dish
Dal Makhani,dish
Served Daily hope,not_dish
Dal Makhani,dish
Lamb Curry,dish
Fish Fry,dish
Margherita Pizza,dish
Cold city,not_dish
Lamb Curry,dish
Lamb Curry,dish
Sushi Roll,dish
Mutton Korma,dish
Butter Chicken,dish
Margherita Pizza,dish
Cold exactly,not_dish
Tandoori Roti,dish
Butter Chicken,dish
Serving Size face,not_dish
New Arrival floor,not_dish
Fish Fry,dish
Fish Fry,dish
Combo Offer style,not_dish
Chicken Biryani,dish
Dal Makhani,dish
Lamb Curry,dish
Sushi Roll,dish
Sushi Roll,dish
Hot go,not_dish
Chef's Special tree,not_dish
Serving Size already,not_dish
Taxes Extra market,not_dish
Fish Fry,dish
No Onion however,not_dish
Serving Size piece,not_dish
Fish Fry,dish
Serving Size drop,not_dish
Combo Offer paper,not_dish
Taxes Extra sport,not_dish
Chef's Special artist,not_dish
Chef's Special air,not_dish
Tandoori Roti,dish
Tomato Soup,dish
Lamb Curry,dish
Dal Makhani,dish
Mutton Korma,dish
Chicken Seekh Kebab,dish
Sushi Roll,dish
Served Daily four,not_dish
Taxes Extra enter,not_dish
Paneer Tikka,dish
Chicken Biryani,dish
Spicy plant,not_dish
Lamb Curry,dish
Chicken Biryani,dish
Chicken Biryani,dish
Lamb Curry,dish
Fish Fry,dish
Dal Makhani,dish
Ham & Cheese Sandwich,dish
Fish Fry,dish
Sushi Roll,dish
Spicy yard,not_dish
Add-ons drive,not_dish
Serving Size half,not_dish
Extra Cheese night,not_dish
Chicken Biryani,dish
Potato Smiles,dish
Fish Fry,dish
Margherita Pizza,dish
Served Daily message,not_dish
Paneer Tikka,dish
Margherita Pizza,dish
Lamb Curry,dish
Taxes Extra piece,not_dish
Price Varies hospital,not_dish
Paneer Tikka,dish
New Arrival current,not_dish
Lamb Curry,dish
Sushi Roll,dish
Spicy land,not_dish
Mutton Korma,dish
Veg Burger,dish
All Prices in INR,not_dish
Keema Samosa,dish
Butter Chicken,dish
Fish Fry,dish
Sushi Roll,dish
Dal Makhani,dish
Taxes Extra enter,not_dish
Chicken Biryani,dish
Hot prove,not_dish
Butter Chicken,dish
No Onion bar,not_dish
Chicken Biryani,dish
Sushi Roll,dish
Extra Cheese detail,not_dish
Butter Chicken,dish
Sushi Roll,dish
Extra Cheese trouble,not_dish
Margherita Pizza,dish
New Arrival check,not_dish
No Onion peace,not_dish
No Parking,not_dish
Chicken Biryani,dish
Chef's Special commercial,not_dish
Fish Fry,dish
Sushi Roll,dish
Taxes Extra enjoy,not_dish
Dal Makhani,dish
Cold tend,not_dish
Butter Chicken,dish
Taxes Extra deep,not_dish
Extra Cheese author,not_dish
Price Varies drug,not_dish
Extra Cheese production,not_dish
Veg Spring Roll,dish
New Arrival seek,not_dish
Tandoori Roti,dish
Paneer Tikka,dish
Hot include,not_dish
Gobi Manchurian,dish
Tandoori Roti,dish
Price Varies daughter,not_dish
Chicken Biryani,dish
New Arrival company,not_dish
Cold board,not_dish
Sushi Roll,dish
Taxes Extra thing,not_dish
Chicken Biryani,dish
Butter Chicken,dish
Extra Cheese economy,not_dish
Silent Zone,not_dish
Tandoori Roti,dish
Extra Cheese research,not_dish
Lamb Curry,dish
Served Daily guy,not_dish
Served Daily news,not_dish
Butter Chicken,dish
Lamb Curry,dish
Add-ons reach,not_dish
Margherita Pizza,dish
Combo Offer of,not_dish
Chicken Biryani,dish
Fish Fry,dish
Tandoori Roti,dish
Extra Cheese where,not_dish
Sushi Roll,dish
Mutton Korma,dish
Combo Offer despite,not_dish
Mutton Korma,dish
Dal Makhani,dish
Dal Makhani,dish
Tandoori Roti,dish
Sushi Roll,dish
Hot partner,not_dish
Butter Chicken,dish
Combo Offer heart,not_dish
Dal Makhani,dish
Extra Cheese simply,not_dish
Served Daily fast,not_dish
Fish Fry,dish
Butter Chicken,dish
New Arrival whether,not_dish
Spicy dark,not_dish
Combo Offer analysis,not_dish
No Onion contain,not_dish
Paneer Tikka,dish
Serving Size energy,not_dish
Cold civil,not_dish
Price Varies until,not_dish
Sushi Roll,dish
Cold Drinks,not_dish
Kesar Pista Kulfi,dish
Serving Size decide,not_dish
Business Lunch,not_dish
Paneer Tikka,dish
Combo Offer among,not_dish
New Arrival again,not_dish
Chicken Biryani,dish
Dal Makhani,dish
Mutton Korma,dish
Dal Makhani,dish
Combo Offer situation,not_dish
Extra Cheese task,not_dish
New Arrival including,not_dish
Hot western,not_dish
Lamb Curry,dish
Cold without,not_dish
Paneer Tikka,dish
Lamb Curry,dish
Taxes Extra poor,not_dish
Price Varies hit,not_dish
Fish Fry,dish
Extra Cheese bill,not_dish
Fish Fry,dish
Cold pattern,not_dish
No Onion seat,not_dish
Tandoori Roti,dish
Taxes Extra note,not_dish
On the House,not_dish
Sushi Roll,dish
Sushi Roll,dish
Butter Chicken,dish
Lamb Curry,dish
Combo Offer process,not_dish
Price Varies significant,not_dish
Lamb Curry,dish
Margherita Pizza,dish
Egg Pakora,dish
Tandoori Roti,dish
Chicken Biryani,dish
Paneer Tikka,dish
Cold data,not_dish
Mutton Korma,dish
New Arrival also,not_dish
Paneer Tikka,dish
Chef's Special indeed,not_dish
Mutton Korma,dish
Chef's Special little,not_dish
Fish Fry,dish
Dal Makhani,dish
Margherita Pizza,dish
Lamb Curry,dish
Price Varies former,not_dish
Mysore Masala Dosa,dish
Cold use,not_dish
Lamb Curry,dish
Paneer Tikka,dish
Paneer Tikka,dish
Fish Fry,dish
Spicy away,not_dish
Extra Cheese single,not_dish
Margherita Pizza,dish
Price Varies current,not_dish
Spicy lead,not_dish
Lamb Curry,dish
Sushi Roll,dish
Add-ons turn,not_dish
Chef's Special customer,not_dish
Spicy hair,not_dish
New Arrival magazine,not_dish
Chef's Special may,not_dish
Dal Makhani,dish
Serving Size strong,not_dish
Fish Fry,dish
Netbanking,not_dish
Contact Us,not_dish
Served Daily serve,not_dish
Tandoori Roti,dish
Paneer Tikka,dish
Fish Fry,dish
Taxes Extra daughter,not_dish
Lamb Curry,dish
Add-ons product,not_dish
Price Varies trip,not_dish
Served Daily commercial,not_dish
Add-ons effect,not_dish
Chef's Special city,not_dish
Chef's Special challenge,not_dish
Margherita Pizza,dish
Chef's Special much,not_dish
Taxes Extra under,not_dish
Tandoori Roti,dish
Extra Cheese agent,not_dish
No Onion executive,not_dish
Served Daily economy,not_dish
Price Varies accept,not_dish
Papaya Salad,dish
Tandoori Roti,dish
Margherita Pizza,dish
Fish Fry,dish
Butter Chicken,dish
Butter Chicken,dish
Tandoori Roti,dish
Taxes Extra believe,not_dish
Sushi Roll,dish
New Arrival fire,not_dish
Butter Chicken,dish
Combo Offer hotel,not_dish
Cold expert,not_dish
New Arrival two,not_dish
Served Daily generation,not_dish
Chicken Biryani,dish
Sushi Roll,dish
Margherita Pizza,dish
Dal Makhani,dish
Price Varies paper,not_dish
Chef's Special interesting,not_dish
Spicy so,not_dish
Serving Size throw,not_dish
Price Varies team,not_dish
Taxes Extra yard,not_dish
No Onion avoid,not_dish
Bill Counter,not_dish
Cold heart,not_dish
Hot relationship,not_dish
Butter Chicken,dish
Butter Chicken,dish
Veg Kofta,dish
Taxes Extra movement,not_dish
Sushi Roll,dish
Chicken Biryani,dish
Served Daily enjoy,not_dish
Extra Cheese right,not_dish
Seafood Paella,dish
Open 11am-11pm,not_dish
Served Daily local,not_dish
Mutton Korma,dish
Spicy operation,not_dish
Price Varies speak,not_dish
Spicy black,not_dish
Spicy nor,not_dish
Mutton Korma,dish
Taxes Extra agent,not_dish
Hot especially,not_dish
Lamb Curry,dish
Butter Chicken,dish
No Onion short,not_dish
Margherita Pizza,dish
Margherita Pizza,dish
Add-ons notice,not_dish
Extra Cheese hear,not_dish
Mutton Korma,dish
Surti Undhiyu,dish
Cold career,not_dish
Chicken Biryani,dish
Sushi Roll,dish
Extra Cheese page,not_dish
Cold recognize,not_dish
Combo Offer economic,not_dish
Sushi Roll,dish
Mutton Korma,dish
Serving Size either,not_dish
Price Varies put,not_dish
Taxes Extra child,not_dish
Mutton Korma,dish
Price Varies song,not_dish
Chicken Biryani,dish
Paneer Tikka,dish
New Arrival respond,not_dish
Butter Milk,dish
Holiday Offer,not_dish
Serving Size people,not_dish
Chicken Shawarma,dish
Price Varies American,not_dish
Paneer Tikka,dish
Price Varies then,not_dish
Spicy finally,not_dish
Fish Fry,dish
Butter Chicken,dish
Chicken Biryani,dish
Paneer Tikka,dish
Butter Chicken,dish
New Arrival performance,not_dish
Lamb Curry,dish
Extra Cheese voice,not_dish
Sushi Roll,dish
Margherita Pizza,dish
Price Varies gun,not_dish
Mutton Korma,dish
Chicken Biryani,dish
Taxes Extra kid,not_dish
Chicken Biryani,dish
Add-ons make,not_dish
Hot dinner,not_dish
Dal Makhani,dish
Butter Chicken,dish
Chicken Biryani,dish
Extra Cheese force,not_dish
Margherita Pizza,dish
No Onion manager,not_dish
Price Varies generation,not_dish
Chicken Nuggets,dish
Spicy affect,not_dish
Chicken Biryani,dish
Price Varies record,not_dish
Dal Makhani,dish
Butter Chicken,dish
Price Varies family,not_dish
Spicy wonder,not_dish
GST 5%,not_dish
New Arrival fish,not_dish
Dal Makhani,dish
Price Varies official,not_dish
Paneer Tikka,dish
Cold always,not_dish
Fish Fry,dish
Paneer Tikka,dish
Kaju Curry,dish
Spicy appear,not_dish
Taxes Extra interest,not_dish
Margherita Pizza,dish
Price Varies chance,not_dish
Spicy store,not_dish
Price Varies treat,not_dish
Price Varies major,not_dish
Butter Chicken,dish
Margherita Pizza,dish
Lasooni Palak,dish
Serving Size item,not_dish
Served Daily southern,not_dish
Fish Fry,dish
Mutton Korma,dish
Paneer Tikka,dish
Chef's Special blue,not_dish
Extra Cheese church,not_dish
Spicy until,not_dish
Fish Fry,dish
Margherita Pizza,dish
Dal Makhani,dish
Served Daily person,not_dish
Paneer Tikka,dish
Add-ons those,not_dish
Sushi Roll,dish
Served Daily summer,not_dish
Extra Cheese beyond,not_dish
Lamb Curry,dish
Taxes Extra information,not_dish
Combo Offer protect,not_dish
Served Daily same,not_dish
Butter Chicken,dish
Mutton Korma,dish
Margherita Pizza,dish
Price Varies get,not_dish
Paneer Tikka,dish
Extra Cheese professional,not_dish
Butter Chicken,dish
Chicken Biryani,dish
Price Varies catch,not_dish
Tandoori Roti,dish
Butter Chicken,dish
Hot we,not_dish
Chicken Biryani,dish
Served Daily quickly,not_dish
Lamb Curry,dish
No Onion gun,not_dish
Price Varies throw,not_dish
Margherita Pizza,dish
Margherita Pizza,dish
Served Daily what,not_dish
Mutton Korma,dish
Margherita Pizza,dish
Sausage Roll,dish
Serving Size hospital,not_dish
Add-ons score,not_dish
Brownie Sundae,dish
Paneer Tikka,dish
Butter Chicken,dish
Dal Makhani,dish
Butter Chicken,dish
Sushi Roll,dish
Lamb Curry,dish
Add-ons movement,not_dish
Your Queue No. 5,not_dish
Spicy television,not_dish
Margherita Pizza,dish
Price Varies ball,not_dish
Add-ons meeting,not_dish
Combo Offer place,not_dish
Chicken Biryani,dish
Hot however,not_dish
Butter Chicken,dish
Dal Makhani,dish
Mutton Korma,dish
New Arrival push,not_dish
Spicy main,not_dish
Price Varies increase,not_dish
Taxes Extra stop,not_dish
Combo Offer trade,not_dish
Tandoori Roti,dish
Combo Offer would,not_dish
Served Daily take,not_dish
Spicy against,not_dish
Chef's Special another,not_dish
Extra Cheese western,not_dish
No Onion so,not_dish
Cold hour,not_dish
Serving Size size,not_dish
Fish Fry,dish
Tandoori Roti,dish
Add-ons open,not_dish
Price Varies tax,not_dish
Chicken Biryani,dish
Price Varies until,not_dish
Serving Size respond,not_dish
Chicken Biryani,dish
Dal Makhani,dish
Fried Chicken,dish
Combo Offer national,not_dish
Served Daily responsibility,not_dish
Spicy author,not_dish
Lamb Curry,dish
Butter Chicken,dish
Spicy for,not_dish
No Returns,not_dish
Cold condition,not_dish
Dal Makhani,dish
Dal Makhani,dish
Margherita Pizza,dish
Hot receive,not_dish
Price Varies Republican,not_dish
New Arrival wear,not_dish
Margherita Pizza,dish
Lamb Curry,dish
Dal Makhani,dish
Combo Offer open,not_dish
Butter Chicken,dish
Tandoori Roti,dish
Tandoori Roti,dish
No Onion deal,not_dish
Served Daily civil,not_dish
Margherita Pizza,dish
Margherita Pizza,dish
Lamb Curry,dish
New Arrival take,not_dish
Butter Chicken,dish
Mutton Korma,dish
Tandoori Roti,dish
Lamb Curry,dish
Chicken Biryani,dish
Chef's Special local,not_dish
Taxes Extra indicate,not_dish
Mutton Korma,dish
Combo Offer clear,not_dish
Lamb Curry,dish
No Onion culture,not_dish
Served Daily discuss,not_dish
Add-ons sea,not_dish
COVER CHARGE,not_dish
Price Varies of,not_dish
Margherita Pizza,dish
Butter Chicken,dish
Margherita Pizza,dish
Sushi Roll,dish
Add-ons analysis,not_dish
Add-ons quality,not_dish
Price Varies night,not_dish
Rate Card,not_dish
Mutton Korma,dish
Dal Makhani,dish
Combo Offer realize,not_dish
Chicken Manchurian,dish
Taxes Extra house,not_dish
Chicken Biryani,dish
Bombay Sandwich,dish
No Onion data,not_dish
Hot price,not_dish
New Arrival citizen,not_dish
Dal Makhani,dish
Fish Fry,dish
Chicken Biryani,dish
Add-ons method,not_dish
Fish Fry,dish
Paneer Tikka,dish
Extra Cheese over,not_dish
Extra Cheese themselves,not_dish
Taxes Extra follow,not_dish
Cold commercial,not_dish
Dal Makhani,dish
Spicy approach,not_dish
Paneer Tikka,dish
Fish Fry,dish
Sushi Roll,dish
Fish Fry,dish
No Onion understand,not_dish
Chef's Special happen,not_dish
Chicken Biryani,dish
Chicken Biryani,dish
Combo Offer ok,not_dish
Mutton Korma,dish
Chef's Special thought,not_dish
Sushi Roll,dish
New Arrival herself,not_dish
New Arrival field,not_dish
Paneer Tikka,dish
Served Daily learn,not_dish
Margherita Pizza,dish
Fish Fry,dish
Dal Makhani,dish
Taxes Extra hope,not_dish
Fish Fry,dish
No Onion hotel,not_dish
Sushi Roll,dish
Lamb Curry,dish
Mutton Korma,dish
Combo Offer let,not_dish
Served Daily site,not_dish
Hot drive,not_dish
Margherita Pizza,dish
Chicken Biryani,dish
Butter Chicken,dish
Cold best,not_dish
Served Daily spend,not_dish
Chicken Biryani,dish
Tandoori Roti,dish
Margherita Pizza,dish
Serving Size share,not_dish
Cold bar,not_dish
Serving Size conference,not_dish
Add-ons participant,not_dish
Chicken Biryani,dish
Taxes Extra fly,not_dish
Hot certain,not_dish
Price Varies coach,not_dish
Cold person,not_dish
Cold foreign,not_dish
Spicy as,not_dish
Margherita Pizza,dish
Served Daily air,not_dish
Taxes Extra of,not_dish
Lamb Curry,dish
Egg Drop Soup,dish
Combo Offer federal,not_dish
Combo Offer network,not_dish
Hot positive,not_dish
Dal Makhani,dish
Butter Chicken,dish
Cold hand,not_dish
Spicy result,not_dish
Serving Size design,not_dish
Mutton Korma,dish
Taxes Extra little,not_dish
Mutton Korma,dish
Margherita Pizza,dish
Serving Size current,not_dish
Use Sanitizer,not_dish
Sushi Roll,dish
Tandoori Roti,dish
Chicken Biryani,dish
Price Varies child,not_dish
Add-ons poor,not_dish
Served Daily quickly,not_dish
Spicy read,not_dish
Serving Size its,not_dish
Chocolate Mousse,dish
Extra Cheese environmental,not_dish
No Onion worry,not_dish
Served Daily table,not_dish
Served Daily capital,not_dish
Cold myself,not_dish
Combo Offer student,not_dish
New Arrival fast,not_dish
Paneer Tikka,dish
Cold home,not_dish
Tandoori Roti,dish
Paneer Tikka,dish
Khoya Peda,dish
Margherita Pizza,dish
Sushi Roll,dish
Fish Fry,dish
Serving Size reflect,not_dish
Tandoori Roti,dish
Lamb Curry,dish
Dal Makhani,dish
Mutton Korma,dish
Lamb Curry,dish
Fish Fry,dish
Chef's Special ok,not_dish
Spicy common,not_dish
Extra Cheese big,not_dish
Chicken Biryani,dish
Hot two,not_dish
Served Daily early,not_dish
Sushi Roll,dish
No Onion area,not_dish
Chef's Special herself,not_dish
Paneer Tikka,dish
Paneer Tikka,dish
Spicy begin,not_dish
Price Varies real,not_dish
Served Daily music,not_dish
Serving Size most,not_dish
Spicy throughout,not_dish
Margherita Pizza,dish
Dal Makhani,dish
Cold chance,not_dish
Spicy government,not_dish
Serving Size yard,not_dish
Extra Cheese spend,not_dish
Dal Makhani,dish
Dal Makhani,dish
New Arrival left,not_dish
Paneer Makhani,dish
Chicken Biryani,dish
Sushi Roll,dish
Combo Offer if,not_dish
Butter Chicken,dish
Combo Offer foot,not_dish
Menu Code,not_dish
Paneer Tikka,dish
Chicken Biryani,dish
Dal Makhani,dish
Butter Chicken,dish
Sushi Roll,dish
Butter Chicken,dish
Cold rule,not_dish
Tandoori Roti,dish
Served Daily act,not_dish
New Arrival experience,not_dish
Chef's Special general,not_dish
Chef's Special because,not_dish
Mutton Korma,dish
Serving Size more,not_dish
Price Varies half,not_dish
Taxes Extra agreement,not_dish
Dal Makhani,dish
Combo Offer top,not_dish
Paneer Tikka,dish
Served Daily add,not_dish
Order Confirmed,not_dish
Margherita Pizza,dish
Taxes Extra some,not_dish
Sushi Roll,dish
Fish Fry,dish
Paneer Tikka,dish
No Onion recent,not_dish
Taxes Extra leave,not_dish
Hot we,not_dish
Spicy these,not_dish
Dal Makhani,dish
Combo Offer than,not_dish
Chef's Special Congress,not_dish
Combo Offer speak,not_dish
Price Varies friend,not_dish
Margherita Pizza,dish
Serving Size beat,not_dish
Dal Makhani,dish
Combo Offer evening,not_dish
Hot hundred,not_dish
Butter Chicken,dish
Dal Makhani,dish
Status: Delivered,not_dish
Add-ons especially,not_dish
Extra Cheese several,not_dish
Dal Makhani,dish
Paneer Tikka,dish
Add-ons back,not_dish
Hot go,not_dish
Spicy begin,not_dish
Served Daily performance,not_dish
Price Varies mouth,not_dish
Table 8,not_dish
Extra Cheese line,not_dish
Cold student,not_dish
Butter Chicken,dish
Tandoori Roti,dish
Spicy attack,not_dish
Tandoori Roti,dish
Chicken Biryani,dish
Margherita Pizza,dish
Cold read,not_dish
Serving Size buy,not_dish
Chicken Biryani,dish
Serving Size to,not_dish
Mutton Korma,dish
Price Varies under,not_dish
Hot example,not_dish
Sushi Roll,dish
Margherita Pizza,dish
Spicy decade,not_dish
New Arrival wonder,not_dish
New Arrival defense,not_dish
Extra Cheese sure,not_dish
No Onion west,not_dish
Extra Cheese pick,not_dish
Combo Offer never,not_dish
Serving Size party,not_dish
Mutton Korma,dish
Butter Chicken,dish
Lamb Curry,dish
Fish Fry,dish
Sabudana Khichdi,dish
Butter Chicken,dish
Fish Fry,dish
No Onion receive,not_dish
Lamb Curry,dish
Price Varies do,not_dish
Add-ons significant,not_dish
Add-ons morning,not_dish
Sushi Roll,dish
Mutton Korma,dish
Butter Chicken,dish
Fish Fry,dish
Add-ons beyond,not_dish
Hot realize,not_dish
Margherita Pizza,dish
Chef's Special wrong,not_dish
Served Daily truth,not_dish
Tandoori Roti,dish
Tandoori Roti,dish
Mutton Korma,dish
Combo Offer inside,not_dish
Price Varies glass,not_dish
Lamb Curry,dish
Chicken Biryani,dish
Chef's Special instead,not_dish
Sushi Roll,dish
Combo Offer skill,not_dish
Combo Offer development,not_dish
Dal Makhani,dish
Add-ons ability,not_dish
Paneer Tikka,dish
Dal Makhani,dish
Fish Fry,dish
Add-ons public,not_dish
Combo Offer wish,not_dish
Cold Mrs,not_dish
Serving Size scientist,not_dish
Mutton Korma,dish
Cold project,not_dish
Kadai Paneer,dish
Dal Makhani,dish
Taxes Extra question,not_dish
Cold little,not_dish
Margherita Pizza,dish
Spicy space,not_dish
Sushi Roll,dish
Cold join,not_dish
Mutton Korma,dish
Margherita Pizza,dish
Chef's Special tree,not_dish
Combo Offer us,not_dish
Paneer Tikka,dish
Paneer Tikka,dish
Chef's Special near,not_dish
Lamb Curry,dish
Extra Cheese great,not_dish
New Arrival simply,not_dish
Margherita Pizza,dish
Combo Offer table,not_dish
Taxes Extra well,not_dish
Chef's Special stop,not_dish
Taxes Extra staff,not_dish
No Onion trouble,not_dish
Sushi Roll,dish
Hot leg,not_dish
Chicken Biryani,dish
Lamb Curry,dish
Margherita Pizza,dish
No Onion unit,not_dish
Paneer Tikka,dish
Tandoori Roti,dish
Margherita Pizza,dish
Fish Fry,dish
Mutton Korma,dish
Taxes Extra opportunity,not_dish
Add-ons opportunity,not_dish
Fish Fry,dish
Price Varies build,not_dish
Fish Fry,dish
Hot impact,not_dish
Serving Size behind,not_dish
Fish Fry,dish
Combo Offer toward,not_dish
Paneer Tikka,dish
Paneer Tikka,dish
Chicken Biryani,dish
No Onion employee,not_dish
Price Varies office,not_dish
Extra Cheese state,not_dish
Taxes Extra until,not_dish
Sushi Roll,dish
Combo Offer skin,not_dish
Fish Fry,dish
Chicken Biryani,dish
Cold but,not_dish
Lamb Curry,dish
Fish Fry,dish
Fish Fry,dish
Extra Cheese rock,not_dish
Sushi Roll,dish
Serving Size off,not_dish
Mutton Korma,dish
Dal Makhani,dish
Cottage Pie,dish
Add-ons prevent,not_dish
Extra Cheese key,not_dish
Butter Chicken,dish
Served Daily through,not_dish
Mutton Korma,dish
Serving Size deep,not_dish
New Arrival century,not_dish
Extra Cheese rock,not_dish
Lamb Curry,dish
Review Us,not_dish
Chicken Biryani,dish
Sushi Roll,dish
Cold community,not_dish
Chicken Biryani,dish
Combo Offer for,not_dish
Combo Offer send,not_dish
Margherita Pizza,dish
Butter Chicken,dish
Cold to,not_dish
Chef's Special whose,not_dish
Fish Fry,dish
Price Varies edge,not_dish
Chicken Biryani,dish
Margherita Pizza,dish
Paneer Tikka,dish
Sushi Roll,dish
Tandoori Roti,dish
Handi Paneer,dish
Serving Size be,not_dish
Greek Salad,dish
Dal Makhani,dish
Fish Fry,dish
Spicy after,not_dish
Extra Cheese necessary,not_dish
Lamb Curry,dish
Dal Makhani,dish
Paneer Tikka,dish
Paneer Tikka,dish
Price Varies dark,not_dish
No Onion use,not_dish
Scan to Pay,not_dish
Tandoori Roti,dish
Cold all,not_dish
Miso Soup,dish
Add-ons suffer,not_dish
Spicy a,not_dish
Dal Makhani,dish
Add-ons agency,not_dish
Taxes Extra minute,not_dish
Paneer Tikka,dish
Add-ons management,not_dish
Taxes Extra this,not_dish
Add-ons measure,not_dish
Taxes Extra notice,not_dish
Paneer Tikka,dish
Butter Chicken,dish
Sushi Roll,dish
Kothimbir Vadi,dish
Chicken Biryani,dish
Margherita Pizza,dish
Soya Tikka,dish
Margherita Pizza,dish
Fish Fry,dish
Chicken Biryani,dish
Sushi Roll,dish
Chef's Special almost,not_dish
Chicken Biryani,dish
Fish Fry,dish
New Arrival single,not_dish
New Arrival often,not_dish
Show More,not_dish
Mutton Korma,dish
Mutton Korma,dish
Dal Makhani,dish
Chef's Special travel,not_dish
Chicken Biryani,dish
Lamb Curry,dish
Tandoori Roti,dish
Combo Offer what,not_dish
Mutton Korma,dish
New Arrival free,not_dish
Cold analysis,not_dish
Butter Chicken,dish
Fish Fry,dish
Cold bad,not_dish
Lamb Curry,dish
Fish Fry,dish
Sushi Roll,dish
Serving Size wind,not_dish
Combo Offer floor,not_dish
Margherita Pizza,dish
Butter Chicken,dish
Taxes Extra speak,not_dish
Margherita Pizza,dish
Fish Fry,dish
Butter Chicken,dish
Margherita Pizza,dish
New Arrival car,not_dish
Cold early,not_dish
Tandoori Roti,dish
Serving Size start,not_dish
Spicy throw,not_dish
Sushi Roll,dish
Extra Cheese occur,not_dish
Mushroom Masala,dish
Spicy recognize,not_dish
Chicken Biryani,dish
Chef's Special body,not_dish
Hot item,not_dish
Lamb Curry,dish
Chicken Biryani,dish
Chicken Biryani,dish
Fish Fry,dish
Taxes Extra dream,not_dish
Extra Cheese heart,not_dish
NonVeg Thali,dish
Cold rest,not_dish
Margherita Pizza,dish
Taxes Extra season,not_dish
Margherita Pizza,dish
Butter Chicken,dish
Lamb Curry,dish
Spicy since,not_dish
Mutton Korma,dish
Paneer Tikka,dish
Chef's Special treat,not_dish
Butter Chicken,dish
Chicken Biryani,dish
Tandoori Roti,dish
Chicken Biryani,dish
Hot trip,not_dish
Lamb Curry,dish
Add-ons rock,not_dish
Taxes Extra because,not_dish
Margherita Pizza,dish
Cold they,not_dish
Fish Fry,dish
Serving Size food,not_dish
Spicy can,not_dish
Margherita Pizza,dish
Tandoori Roti,dish
Spicy than,not_dish
Lamb Curry,dish
Dal Makhani,dish
Chicken Biryani,dish
Fish Fry,dish
Combo Offer although,not_dish
Sushi Roll,dish
Cold measure,not_dish
Serving Size there,not_dish
New Arrival information,not_dish
Lamb Curry,dish
Served Daily only,not_dish
Served Daily month,not_dish
Margherita Pizza,dish
Price Varies everyone,not_dish
Dal Makhani,dish
No Onion phone,not_dish
Paneer Tikka,dish
Sushi Roll,dish
Dal Makhani,dish
Sushi Roll,dish
Price Varies never,not_dish
Cold head,not_dish
Butter Chicken,dish
Extra Cheese able,not_dish
Combo Offer population,not_dish
New Arrival wear,not_dish
Serving Size deal,not_dish
Chef's Special year,not_dish
Paneer Tikka,dish
Price Varies whether,not_dish
Dal Makhani,dish
Nimbu Pani,dish
Sushi Roll,dish
Butter Chicken,dish
Lamb Curry,dish
Chef's Special evening,not_dish
Extra Cheese show,not_dish
Sushi Roll,dish
No Onion inside,not_dish
Makki di Roti,dish
Welcome!,not_dish
Taxes Extra present,not_dish
Paneer Tikka,dish
Sushi Roll,dish
No Onion edge,not_dish
Extra Cheese sound,not_dish
Dal Makhani,dish
Margherita Pizza,dish
Combo Offer talk,not_dish
Served Daily leg,not_dish
Sushi Roll,dish
Taxes Extra continue,not_dish
Chicken Biryani,dish
Cold suddenly,not_dish
Taxes Extra significant,not_dish
No Onion nearly,not_dish
Chicken Biryani,dish
New Arrival they,not_dish
Serving Size break,not_dish
Cold goal,not_dish
Chicken Biryani,dish
Dal Makhani,dish
Butter Chicken,dish
Served Daily message,not_dish
Price Varies these,not_dish
Fish Fry,dish
Butter Chicken,dish
Mutton Korma,dish
Paneer Tikka,dish
Serving Size physical,not_dish
Lamb Curry,dish
Tandoori Roti,dish
No Onion control,not_dish
Butter Chicken,dish
Chef's Special network,not_dish
Chicken Fried Rice,dish
Chicken Biryani,dish
Dal Makhani,dish
Taxes Extra yard,not_dish
Butter Chicken,dish
Butter Chicken,dish
Add-ons college,not_dish
Chef's Special blood,not_dish
Chicken Biryani,dish
Sushi Roll,dish
Hot close,not_dish
Fish Fry,dish
Fish Fry,dish
Lamb Curry,dish
Hot design,not_dish
Fish Fry,dish
Butter Chicken,dish
Add-ons together,not_dish
Served Daily action,not_dish
Chef's Special make,not_dish
Cold score,not_dish
Serving Size another,not_dish
Extra Cheese show,not_dish
Taxes Extra could,not_dish
Hot bill,not_dish
Tandoori Roti,dish
New Arrival enough,not_dish
Dal Makhani,dish
Dal Makhani,dish
Fish Fry,dish
Lamb Curry,dish
Served Daily dark,not_dish
Price Varies report,not_dish
Paneer Tikka,dish
Spicy back,not_dish
Chef's Special vote,not_dish
Cold eye,not_dish
Fish Fry,dish
Served Daily family,not_dish
Dal Makhani,dish
Price Varies step,not_dish
Lamb Curry,dish
New Arrival view,not_dish
Cold partner,not_dish
Cold door,not_dish
Fish Fry,dish
Price Varies behavior,not_dish
Margherita Pizza,dish
Sushi Roll,dish
Extra Cheese chance,not_dish
Mutton Korma,dish
No Onion thank,not_dish
Combo Offer continue,not_dish
Cold player,not_dish
Served Daily member,not_dish
Cold manager,not_dish
Chicken Biryani,dish
Margherita Pizza,dish
Combo Offer each,not_dish
Combo Offer like,not_dish
Extra Cheese other,not_dish
Butter Chicken,dish
Hot risk,not_dish
Butter Chicken,dish
Spicy across,not_dish
Margherita Pizza,dish
Serving Size remember,not_dish
Mutton Korma,dish
Margherita Pizza,dish
Special Event,not_dish
Lamb Curry,dish
Price Varies seek,not_dish
Spicy list,not_dish
No Onion we,not_dish
Lamb Curry,dish
No Onion quite,not_dish
Price Varies customer,not_dish
Lamb Curry,dish
Mutton Korma,dish
Served Daily take,not_dish
Fish Fry,dish
Cold continue,not_dish
Tandoori Roti,dish
Hot maybe,not_dish
Spicy college,not_dish
Price Varies exactly,not_dish
Chicken Biryani,dish
Lamb Curry,dish
Fish Fry,dish
Serving Size call,not_dish
Serving Size both,not_dish
Tandoori Roti,dish
No Onion hundred,not_dish
Dal Makhani,dish
Paneer Tikka,dish
Butter Chicken,dish
Fish Fry,dish
Spicy class,not_dish
Extra Cheese choose,not_dish
***,not_dish
Extra Cheese and,not_dish
Dal Makhani,dish
Mutton Korma,dish
Hot since,not_dish
Combo Offer positive,not_dish
Taxes Extra pull,not_dish
Sushi Roll,dish
Serving Size trade,not_dish
Margherita Pizza,dish
Butter Chicken,dish
Dal Makhani,dish
No Onion though,not_dish
Mutton Korma,dish
Chicken Biryani,dish
Dal Makhani,dish
Extra Cheese hear,not_dish
Hot not,not_dish
Combo Offer thing,not_dish
Price Varies consumer,not_dish
Chicken Biryani,dish
Sushi Roll,dish
Dal Makhani,dish
Add-ons inside,not_dish
Margherita Pizza,dish
Chicken Lollipop,dish
No Onion thing,not_dish
New Arrival Mrs,not_dish
Spicy purpose,not_dish
Home Special,not_dish
No Onion trip,not_dish
Paneer Tikka,dish
Serving Size brother,not_dish
Spicy someone,not_dish
Margherita Pizza,dish
Margherita Pizza,dish
Sushi Roll,dish
Mutton Korma,dish
Hot even,not_dish
Sushi Roll,dish
Mutton Korma,dish
Fish Fry,dish
Dal Makhani,dish
Price Varies Democrat,not_dish
Dal Makhani,dish
Fish Fry,dish
Tandoori Roti,dish
Extra Cheese chance,not_dish
Spicy third,not_dish
Dal Makhani,dish
Price Varies nothing,not_dish
Schezwan Fried Rice,dish
New Arrival call,not_dish
Add-ons fear,not_dish
Add-ons indicate,not_dish
Chef's Special media,not_dish
Lamb Curry,dish
Mutton Korma,dish
Paneer Tikka,dish
Tandoori Roti,dish
Mutton Korma,dish
Chef's Special weight,not_dish
Taxes Extra manage,not_dish
Butter Chicken,dish
Sushi Roll,dish
Dal Makhani,dish
No Onion care,not_dish
Price Varies usually,not_dish
Extra Cheese our,not_dish
Fish Fry,dish
Mutton Korma,dish
Tandoori Roti,dish
Margherita Pizza,dish
Cold high,not_dish
Combo Offer shake,not_dish
New Arrival green,not_dish
No Onion center,not_dish
Tandoori Roti,dish
Chicken Nachos,dish
Fish Fry,dish
Cold voice,not_dish
Spicy friend,not_dish
Sushi Roll,dish
Price Varies arm,not_dish
Hot appear,not_dish
Amount Payable,not_dish
Closed,not_dish
Sushi Roll,dish
Cold history,not_dish
Spicy only,not_dish
Serving Size price,not_dish
Tandoori Roti,dish
Margherita Pizza,dish
No Onion affect,not_dish
Margherita Pizza,dish
Dal Makhani,dish
Butter Chicken,dish
Add-ons throughout,not_dish
Sushi Roll,dish
Serving Size out,not_dish
Butter Chicken,dish
Combo Offer fight,not_dish
New Arrival technology,not_dish
No Onion key,not_dish
Extra Cheese sell,not_dish
No Onion most,not_dish
Chicken Biryani,dish
Hot cultural,not_dish
Fish Fry,dish
Paneer Tikka,dish
Paneer Tikka,dish
Cold no,not_dish
Butter Chicken,dish
Served Daily ask,not_dish
Serving Size computer,not_dish
Sushi Roll,dish
Combo Offer threat,not_dish
Free Delivery,not_dish
Paneer Tikka,dish
Hot professional,not_dish
New Arrival billion,not_dish
Lamb Curry,dish
Serving Size event,not_dish
Add-ons fact,not_dish
Butter Chicken,dish
Add-ons attorney,not_dish
Pick Up,not_dish
Taxes Extra economic,not_dish
Sushi Roll,dish
Add-ons of,not_dish
New Arrival adult,not_dish
Dal Makhani,dish
Sushi Roll,dish
Gnocchi,dish
Dal Makhani,dish
Served Daily several,not_dish
Tomato Rice,dish
Chicken Biryani,dish
No Onion allow,not_dish
Serving Size commercial,not_dish
Serving Size arrive,not_dish
Combo Offer finish,not_dish
Cold consider,not_dish
Tandoori Roti,dish
Served Daily really,not_dish
No Onion three,not_dish
Serving Size late,not_dish
Hot pick,not_dish
Paneer Tikka,dish
Fish Fry,dish
Fish Fry,dish
Sushi Roll,dish
Hot happen,not_dish
Tandoori Roti,dish
Hot bill,not_dish
Add-ons between,not_dish
Dal Makhani,dish
Prawn Balchao,dish
Cold list,not_dish
Paneer Tikka,dish
Add-ons moment,not_dish
Paneer Tikka,dish
Dal Makhani,dish
Sushi Roll,dish
Hot,not_dish
Chef's Special family,not_dish
Chef's Special another,not_dish
Butter Chicken,dish
Hot live,not_dish
Cold want,not_dish
Add-ons art,not_dish
Margherita Pizza,dish
Combo Offer again,not_dish
Combo Offer within,not_dish
Chicken Biryani,dish
Paneer Tikka,dish
Cold yes,not_dish
Combo Offer half,not_dish
Add-ons method,not_dish
Margherita Pizza,dish
Add-ons possible,not_dish
Taxes Extra matter,not_dish
Lunch Time,not_dish
Lamb Curry,dish
Chicken Biryani,dish
Served Daily piece,not_dish
Serving Size stage,not_dish
New Arrival until,not_dish
Margherita Pizza,dish
Price Varies put,not_dish
Dal Makhani,dish
Spicy rise,not_dish
Butter Chicken,dish
Fish Fry,dish
Taxes Extra run,not_dish
Margherita Pizza,dish
Add-ons term,not_dish
Tandoori Roti,dish
Butter Chicken,dish
Spicy total,not_dish
Inclusive,not_dish
Paneer Tikka,dish
Chicken Biryani,dish
Margherita Pizza,dish
Combo Offer will,not_dish
Chicken Biryani,dish
Butter Chicken,dish
Combo Offer picture,not_dish
Lamb Tagine,dish
Lamb Curry,dish
Butter Chicken,dish
Butter Chicken,dish
Chef's Special American,not_dish
Paneer Tikka,dish
Mutton Korma,dish
Combo Offer dark,not_dish
Combo Offer senior,not_dish
Lamb Curry,dish
Add-ons would,not_dish
Cold partner,not_dish
Served Daily tree,not_dish
Tandoori Roti,dish
Add-ons morning,not_dish
Cold budget,not_dish
Spicy husband,not_dish
Paneer Tikka,dish
Paneer Tikka,dish
Tandoori Roti,dish
Sushi Roll,dish
Lamb Curry,dish
Taxes Extra action,not_dish
Lamb Curry,dish
Combo Offer they,not_dish
Margherita Pizza,dish
Add-ons plant,not_dish
Chicken Biryani,dish
Tandoori Roti,dish
Margherita Pizza,dish
Serving Size usually,not_dish
Serving Size recently,not_dish
No Onion current,not_dish
Sushi Roll,dish
Paneer Tikka,dish
Hot indeed,not_dish
Butter Chicken,dish
Dal Makhani,dish
Margherita Pizza,dish
Dal Makhani,dish
Margherita Pizza,dish
Butter Chicken,dish
Taxes Extra boy,not_dish
Cold now,not_dish
Hot enough,not_dish
Taxes Extra reason,not_dish
Combo Offer system,not_dish
Fish Fry,dish
Lamb Curry,dish
Hot reason,not_dish
Chef's Special investment,not_dish
Mutton Korma,dish
Price Varies surface,not_dish
Fish Fry,dish
Sushi Roll,dish
Fish Fry,dish
Tomato Chutney,dish
Sushi Roll,dish
No Onion social,not_dish
Tandoori Roti,dish
Paneer Tikka,dish
Chicken Korma,dish
Paneer Tikka,dish
Served Daily get,not_dish
Margherita Pizza,dish
Add-ons vote,not_dish
Chef's Special several,not_dish
Fish Fry,dish
Cold hard,not_dish
Butter Chicken,dish
Lamb Curry,dish
Tandoori Roti,dish
Chef's Special half,not_dish
Taxes Extra tell,not_dish
Sushi Roll,dish
Fish Fry,dish
Add-ons war,not_dish
Cold energy,not_dish
Lamb Curry,dish
Lamb Curry,dish
Served Daily we,not_dish
Tandoori Roti,dish
Falafel Wrap,dish
Taxes Extra let,not_dish
Extra Cheese talk,not_dish
Add-ons general,not_dish
Chicken Biryani,dish
Fish Fry,dish
Butter Chicken,dish
Spicy short,not_dish
Add-ons second,not_dish
Taxes Extra military,not_dish
Paneer Tikka,dish
Cold instead,not_dish
Hot particularly,not_dish
Hot region,not_dish
Fish Fry,dish
Fish Fry,dish
Margherita Pizza,dish
Hot move,not_dish
Dal Makhani,dish
Paneer Tikka,dish
Sushi Roll,dish
Tandoori Roti,dish
New Arrival nice,not_dish
Chef's Special also,not_dish
Paneer Tikka,dish
Paneer Tikka,dish
Combo Offer game,not_dish
Pancakes,dish
Tandoori Roti,dish
Margherita Pizza,dish
Add-ons herself,not_dish
Cold laugh,not_dish
Add-ons across,not_dish
Paneer Tikka,dish
Price Varies argue,not_dish
Lamb Curry,dish
Prawn Masala,dish
Cold effect,not_dish
Dal Makhani,dish
Add-ons avoid,not_dish
Sushi Roll,dish
Digital Payment,not_dish
Mutton Korma,dish
Chef's Special billion,not_dish
Butter Chicken,dish
Mutton Korma,dish
Served Daily foot,not_dish
Add-ons include,not_dish
New Arrival son,not_dish
Served Daily lot,not_dish
Combo Offer view,not_dish
Macher Jhol,dish
Sushi Roll,dish
Caprese Salad,dish
Margherita Pizza,dish
Spicy from,not_dish
No Onion success,not_dish
Fish Fry,dish
Hot like,not_dish
Combo Offer thus,not_dish
Butter Chicken,dish
Combo Offer throw,not_dish
Dal Makhani,dish
Served Daily Republican,not_dish
Tandoori Roti,dish
Spicy public,not_dish
Sushi Roll,dish
Cold employee,not_dish
Hot probably,not_dish
Sushi Roll,dish
Sushi Roll,dish
New Arrival road,not_dish
Chicken Caesar Wrap,dish
Tandoori Roti,dish
Served Daily page,not_dish
Chicken Biryani,dish
Lamb Curry,dish
Mutton Korma,dish
Mutton Korma,dish
Served Daily player,not_dish
Mughlai Paratha,dish
Mutton Korma,dish
Fish Fry,dish
Hot rich,not_dish
Sushi Roll,dish
Hot at,not_dish
Chicken Biryani,dish
Spicy wide,not_dish
Add-ons pretty,not_dish
Cold north,not_dish
Served Daily country,not_dish
Haleem,dish
Taxes Extra risk,not_dish
Combo Offer on,not_dish
Margherita Pizza,dish
Fish Fry,dish
Fish Fry,dish
Price Varies hair,not_dish
New Arrival television,not_dish
No Onion your,not_dish
New Arrival guy,not_dish
Chef's Special grow,not_dish
Chicken Biryani,dish
Spicy you,not_dish
Chef's Special all,not_dish
Margherita Pizza,dish
Add-ons agency,not_dish
Margherita Pizza,dish
Add-ons but,not_dish
No Onion certain,not_dish
Gajar Halwa,dish
Price Varies know,not_dish
Served Daily score,not_dish
Add-ons TV,not_dish
Mutton Korma,dish
Add-ons include,not_dish
Served Daily federal,not_dish
Paneer Tikka,dish
Fish Curry,dish
Tandoori Roti,dish
Tandoori Roti,dish
Chicken Biryani,dish
Advance Booking,not_dish
Extra Cheese south,not_dish
Spicy support,not_dish
Mutton Korma,dish
New Arrival modern,not_dish
Salami Pizza,dish
Price Varies cultural,not_dish
Chef's Special next,not_dish
Spicy no,not_dish
Mutton Korma,dish
Dal Makhani,dish
Fish Fry,dish
Combo Offer really,not_dish
Hot together,not_dish
Dal Makhani,dish
Margherita Pizza,dish
French Toast,dish
Hot house,not_dish
Tandoori Roti,dish
Chef's Special approach,not_dish
Price Varies writer,not_dish
Extra Cheese front,not_dish
Chicken Kathi Roll,dish
Combo Offer everybody,not_dish
Fish Fry,dish
Serving Size someone,not_dish
Taxes Extra age,not_dish
Chicken Biryani,dish
Price Varies energy,not_dish
E-Bill,not_dish
Lamb Curry,dish
Price Varies feel,not_dish
Hot those,not_dish
Dal Makhani,dish
Sushi Roll,dish
Served Daily any,not_dish
Lemon Rice,dish
Fish Fry,dish
Margherita Pizza,dish
Served Daily address,not_dish
Cold chair,not_dish
Hot eight,not_dish
Sushi Roll,dish
Add-ons song,not_dish
Paneer Tikka,dish
Served Daily low,not_dish
Price Varies cold,not_dish
Lamb Curry,dish
Price Varies remain,not_dish
Hot section,not_dish
Mutton Korma,dish
No Contact Delivery,not_dish
Veg Seekh Kebab,dish
Seasonal,not_dish
Chicken Biryani,dish
Hot might,not_dish
Beef Burger,dish
No Onion compare,not_dish
Fish Fry,dish
Taxes Extra west,not_dish
New Arrival activity,not_dish
Sushi Roll,dish
No Onion others,not_dish
Margherita Pizza,dish
Hot establish,not_dish
Butter Chicken,dish
Extra Cheese enter,not_dish
Mutton Korma,dish
New Arrival name,not_dish
Cold PM,not_dish
Fish Fry,dish
Taxes Extra accept,not_dish
Extra Cheese fire,not_dish
Serving Size important,not_dish
Taxes Extra voice,not_dish
Dal Makhani,dish
Butter Chicken,dish
Combo Offer today,not_dish
Price Varies need,not_dish
Butter Chicken,dish
Extra Cheese over,not_dish
Fish Fry,dish
Tandoori Roti,dish
Serving Size north,not_dish
Hot this,not_dish
Taxes Extra design,not_dish
Paneer Tikka,dish
Butter Chicken,dish
Cold remember,not_dish
Fish Fry,dish
Paneer Tikka,dish
Butter Chicken,dish
Chef's Special go,not_dish
Tandoori Roti,dish
New Arrival bed,not_dish
Served Daily kitchen,not_dish
Cold process,not_dish
Pumpkin Pie,dish
Mutton Korma,dish
Served Daily subject,not_dish
Sushi Roll,dish
New Arrival know,not_dish
Lamb Curry,dish
Serving Size age,not_dish
Served Daily hit,not_dish
Serving Size drug,not_dish
Dal Makhani,dish
Butter Chicken,dish
Margherita Pizza,dish
Tandoori Roti,dish
Served Daily board,not_dish
Price Varies resource,not_dish
Mutton Korma,dish
Chef's Special contain,not_dish
Cold throughout,not_dish
Add-ons region,not_dish
Chef's Special more,not_dish
Tandoori Roti,dish
Dal Makhani,dish
Margherita Pizza,dish
Lamb Curry,dish
Chef's Special though,not_dish
Extra Cheese individual,not_dish
New Arrival development,not_dish
Hot book,not_dish
Lamb Curry,dish
Veggie Chili,dish
Add-ons and,not_dish
Butter Chicken,dish
Hot result,not_dish
Green Peas Curry,dish
Cold present,not_dish
Price Varies whom,not_dish
Combo Offer technology,not_dish
Lamb Curry,dish
Extra Cheese enjoy,not_dish
Chicken Biryani,dish
E-Coupon,not_dish
Tandoori Roti,dish
Cold meeting,not_dish
New Arrival determine,not_dish
Fish Fry,dish
Tandoori Roti,dish
Lamb Curry,dish
Salsa Nachos,dish
Fish Fry,dish
Chicken Biryani,dish
Margherita Pizza,dish
Paneer Kurkure,dish
Hot stand,not_dish
Spicy her,not_dish
Taxes Extra admit,not_dish
Tandoori Roti,dish
Margherita Pizza,dish
Tandoori Roti,dish
Spicy military,not_dish
Hot arrive,not_dish
Combo Offer according,not_dish
Margherita Pizza,dish
Chef's Special join,not_dish
Butter Chicken,dish
Extra Cheese top,not_dish
Chicken Biryani,dish
Extra Cheese each,not_dish
Sushi Roll,dish
Combo Offer sometimes,not_dish
Spicy effort,not_dish
Chicken Biryani,dish
Butter Chicken,dish
New Arrival bad,not_dish
Spicy carry,not_dish
Chicken Biryani,dish
Combo Offer arm,not_dish
Lamb Curry,dish
Chef's Special anyone,not_dish
Price Varies radio,not_dish
Mutton Korma,dish
Served Daily film,not_dish
Margherita Pizza,dish
Lamb Curry,dish
Served Daily truth,not_dish
Mutton Korma,dish
New Arrival expert,not_dish
Combo Offer check,not_dish
Fish Fry,dish
Cold exist,not_dish
Serving Size reason,not_dish
Butter Chicken,dish
Sushi Roll,dish
Butter Chicken,dish
Fish Fry,dish
Paneer Tikka,dish
Dal Makhani,dish
Taxes Extra nation,not_dish
Price Varies there,not_dish
Hot international,not_dish
Cold source,not_dish
Cold life,not_dish
Combo Offer place,not_dish
Fish Fry,dish
Dal Makhani,dish
Chicken Biryani,dish
Tandoori Roti,dish
Combo Offer yes,not_dish
Mutton Korma,dish
Spicy street,not_dish
Serving Size claim,not_dish
Lamb Curry,dish
Paneer Tikka,dish
Spicy maybe,not_dish
Chef's Special suddenly,not_dish
Combo Offer present,not_dish
Taxes Extra change,not_dish
No Onion join,not_dish
Price Varies that,not_dish
Sushi Roll,dish
Plum Cake,dish
Paneer Tikka,dish
Sushi Roll,dish
Butter Chicken,dish
Dal Makhani,dish
Paneer Tikka,dish
Chicken Biryani,dish
Chef's Special once,not_dish
Tandoori Roti,dish
Fish Fry,dish
Price Varies sing,not_dish
Price Varies certain,not_dish
Cold church,not_dish
Served Daily democratic,not_dish
New Arrival door,not_dish
Hot travel,not_dish
Bottle Water,not_dish
Lamb Curry,dish
Sushi Roll,dish
Hot attack,not_dish
Fish Fry,dish
Mutton Korma,dish
Hot determine,not_dish
Chef's Special rather,not_dish
Paneer Tikka,dish
Mutton Korma,dish
Combo Offer factor,not_dish
Chicken Biryani,dish
Spicy run,not_dish
Hot maybe,not_dish
Sushi Roll,dish
Price Varies voice,not_dish
Paneer Tikka,dish
Paneer Tikka,dish
Extra Cheese little,not_dish
Desserts,not_dish
No Onion gun,not_dish
Lamb Curry,dish
Price Varies property,not_dish
Chef's Special market,not_dish
Cold impact,not_dish
Lamb Curry,dish
Alleppy Fish Curry,dish
Tandoori Roti,dish
Hot want,not_dish
Fish Fry,dish
Spinach Soup,dish
Butter Chicken,dish
Paneer Tikka,dish
Taxes Extra identify,not_dish
Combo Offer respond,not_dish
Kala Jamun,dish
New Arrival modern,not_dish
No Onion weight,not_dish
Price Varies test,not_dish
Fish Fry,dish
Paneer Tikka,dish
Serving Size gas,not_dish
Hot administration,not_dish
Sushi Roll,dish
Mutton Korma,dish
Add-ons act,not_dish
Sushi Roll,dish
Butter Chicken,dish
Paneer Tikka,dish
Fish Fry,dish
Served Daily your,not_dish
Hot good,not_dish
Add-ons meeting,not_dish
Sushi Roll,dish
Fish Fry,dish
Boston Cream Pie,dish
Served Daily beyond,not_dish
Spicy cold,not_dish
Tandoori Roti,dish
Price Varies way,not_dish
New Arrival attorney,not_dish
Chiller Broken,not_dish
Chicken Biryani,dish
Serving Size back,not_dish
Chicken Biryani,dish
Chef's Special final,not_dish
Sarson da Saag,dish
Add-ons whether,not_dish
Mutton Korma,dish
Butter Chicken,dish
Sushi Roll,dish
Margherita Pizza,dish
Taxes Extra approach,not_dish
Mutton Korma,dish
Cold American,not_dish
Fish Fry,dish
Paneer Tikka,dish
Fish Fry,dish
New Arrival base,not_dish
Serving Size member,not_dish
New Arrival pressure,not_dish
New Arrival talk,not_dish
New Arrival military,not_dish
Lamb Curry,dish
Extra Cheese front,not_dish
Serving Size little,not_dish
Extra Cheese child,not_dish
Fish Fry,dish
No Onion say,not_dish
Soft Drinks,not_dish
Tandoori Roti,dish
Hotel Paradise,not_dish
New Arrival team,not_dish
Combo Offer surface,not_dish
New Arrival difference,not_dish
Combo Offer cost,not_dish
Extra Cheese rest,not_dish
Lamb Curry,dish
Hot including,not_dish
Paneer Tikka,dish
Price Varies condition,not_dish
Sushi Roll,dish
Extra Cheese they,not_dish
Kofta Curry,dish
Served Daily opportunity,not_dish
Chef's Special name,not_dish
New Arrival require,not_dish
Butter Chicken,dish
Sushi Roll,dish
Fish Fry,dish
Taxes Extra drug,not_dish
Extra Cheese court,not_dish
Chef's Special program,not_dish
Margherita Pizza,dish
Paneer Tikka,dish
Cold southern,not_dish
No Onion common,not_dish
Koraishutir Kochuri,dish
Hot gun,not_dish
Lamb Curry,dish
Margherita Pizza,dish
Add-ons avoid,not_dish
Taxes Extra paper,not_dish
Gulab Jamun,dish
Mushroom Risotto,dish
Serving Size important,not_dish
Dal Makhani,dish
Dal Makhani,dish
Hot law,not_dish
Margherita Pizza,dish
Lamb Curry,dish
Extra Cheese charge,not_dish
Served Daily early,not_dish
Fish Fry,dish
Paneer Tikka,dish
Lamb Curry,dish
Sushi Roll,dish
Price Varies man,not_dish
Serving Size and,not_dish
Paneer Tikka,dish
Sushi Roll,dish
Sushi Roll,dish
Extra Cheese either,not_dish
Mutton Korma,dish
Paneer Tikka,dish
Paneer Tikka,dish
Appetizers,not_dish
Butter Chicken,dish
Serving Size cause,not_dish
Combo Offer produce,not_dish
Taxes Extra stay,not_dish
Fish Fry,dish
Margherita Pizza,dish
Hot stuff,not_dish
Mutton Korma,dish
Chef's Special relationship,not_dish
Mutton Korma,dish
Fish Fry,dish
Mutton Do Pyaza,dish
Spicy always,not_dish
Lamb Curry,dish
Tandoori Roti,dish
Price Varies over,not_dish
Add-ons positive,not_dish
Tandoori Roti,dish
Margherita Pizza,dish
Price Varies owner,not_dish
Combo Offer truth,not_dish
New Arrival factor,not_dish
Served Daily respond,not_dish
With Ice Cream,not_dish
Margherita Pizza,dish
Spicy face,not_dish
New Arrival answer,not_dish
Price Varies very,not_dish
Dal Makhani,dish
Price Varies huge,not_dish
Serving Size report,not_dish
Tandoori Roti,dish
Chef's Special speech,not_dish
Khar,dish
Taxes Extra benefit,not_dish
Price Varies to,not_dish
Butter Chicken,dish
Butter Chicken,dish
Combo Offer challenge,not_dish
Chef's Special or,not_dish
Value Meal,not_dish
No Onion event,not_dish
Served Daily above,not_dish
Combo Offer degree,not_dish
Tandoori Roti,dish
Lamb Curry,dish
Chicken Biryani,dish
Chef's Special rather,not_dish
Sushi Roll,dish
Served Daily also,not_dish
Price Varies building,not_dish
New Arrival give,not_dish
Serving Size anything,not_dish
Combo Offer floor,not_dish
Sushi Roll,dish
Mutton Korma,dish
Tandoori Roti,dish
Spinach & Cheese Crepe,dish
Fish Fry,dish
Taxes Extra yourself,not_dish
Sushi Roll,dish
Dal Makhani,dish
Chef's Special contain,not_dish
Chef's Special ok,not_dish
Sushi Roll,dish
Served Daily free,not_dish
Chicken Biryani,dish
Butter Chicken,dish
New Arrival message,not_dish
Taxes Extra green,not_dish
Chef's Special economic,not_dish
Butter Chicken,dish
Lamb Curry,dish
Fish Fry,dish
Dal Makhani,dish
Dal Makhani,dish
Chilli Chicken,dish
Dal Makhani,dish
Sushi Roll,dish
Fish Fry,dish
Veg Kurma,dish
Served Daily maintain,not_dish
Lamb Curry,dish
Butter Chicken,dish
Paneer Tikka,dish
BBQ Ribs,dish
New Arrival speak,not_dish
Add-ons only,not_dish
Combo Offer more,not_dish
Combo Offer full,not_dish
Combo Offer hand,not_dish
Tandoori Roti,dish
Chef's Special source,not_dish
Tandoori Roti,dish
New Arrival down,not_dish
Price Varies prevent,not_dish
Fish Fry,dish
Tandoori Roti,dish
Chicken Biryani,dish
Add-ons poor,not_dish
Dal Makhani,dish
Fish Fry,dish
No Outside Food,not_dish
Hot sound,not_dish
Tandoori Roti,dish
Mutton Korma,dish
Taxes Extra at,not_dish
Taxes Extra training,not_dish
Cold tell,not_dish
Tandoori Roti,dish
Spicy pull,not_dish
Butter Chicken,dish
Extra Cheese community,not_dish
Margherita Pizza,dish
Served Daily image,not_dish
Butter Chicken,dish
No Onion smile,not_dish
No Onion economy,not_dish
Chef's Special look,not_dish
Fish Fry,dish
Roasted Chicken,dish
No Onion start,not_dish
Paneer Tikka,dish
Dal Makhani,dish
Taxes Extra radio,not_dish
Tandoori Roti,dish
Hot long,not_dish
Paneer Tikka,dish
Paneer Tikka,dish
Butter Chicken,dish
No Onion western,not_dish
Hot place,not_dish
Lamb Curry,dish
Tandoori Roti,dish
Fish Fry,dish
Combo Offer day,not_dish
Taxes Extra amount,not_dish
Dal Makhani,dish
Paneer Tikka,dish
Margherita Pizza,dish
Chicken Biryani,dish
Mutton Korma,dish
Cold successful,not_dish
Add-ons still,not_dish
Hot party,not_dish
Price Varies store,not_dish
Chef's Special similar,not_dish
Hot believe,not_dish
Fish Fry,dish
Fish Fry,dish
Add-ons only,not_dish
Fish Fry,dish
Serving Size kind,not_dish
Tandoori Roti,dish
Lamb Curry,dish
Paneer Tikka,dish
Serving Size management,not_dish
Cold shoulder,not_dish
New Arrival before,not_dish
Fish Fry,dish
Taxes Extra old,not_dish
Tandoori Roti,dish
Cold customer,not_dish
Paneer Tikka,dish
Butter Chicken,dish
Add-ons dark,not_dish
New Arrival without,not_dish
Rava Idli,dish
New Arrival indicate,not_dish
Butter Chicken,dish
Lamb Curry,dish
Served Daily perhaps,not_dish
Price Varies over,not_dish
Cold under,not_dish
Serving Size option,not_dish
Chicken Biryani,dish
Serving Size have,not_dish
Fish Fry,dish
Taxes Extra leader,not_dish
Choco Lava Cake,dish
Extra Cheese lose,not_dish
Dal Makhani,dish
Chicken Biryani,dish
Butter Chicken,dish
Serving Size deal,not_dish
Lamb Curry,dish
Cold particularly,not_dish
Cold score,not_dish
Dal Makhani,dish
Tandoori Roti,dish
Served Daily billion,not_dish
Margherita Pizza,dish
Mutton Korma,dish
Paneer Tikka,dish
Serving Size unit,not_dish
Combo Offer station,not_dish
Lamb Curry,dish
Butter Chicken,dish
Spicy support,not_dish
Tandoori Roti,dish
Mutton Korma,dish
Fish Fry,dish
Add-ons enjoy,not_dish
Margherita Pizza,dish
Cold team,not_dish
Extra Cheese concern,not_dish
Tandoori Roti,dish
Extra Cheese instead,not_dish
Serving Size list,not_dish
Spicy traditional,not_dish
Combo Offer appear,not_dish
Add-ons exactly,not_dish
Margherita Pizza,dish
Lamb Curry,dish
Add-ons name,not_dish
Cold ask,not_dish
Serving Size successful,not_dish
Chef's Special including,not_dish
Chef's Special edge,not_dish
Chicken Biryani,dish
Extra Cheese claim,not_dish
Chef's Special party,not_dish
--,not_dish
Margherita Pizza,dish
Served Daily ok,not_dish
Price Varies him,not_dish
Extra Cheese bag,not_dish
Extra Cheese several,not_dish
New Arrival return,not_dish
Serving Size general,not_dish
Paneer Tikka,dish
Butter Chicken,dish
Chef's Special above,not_dish
Dal Makhani,dish
Cold idea,not_dish
Served Daily create,not_dish
Extra Cheese quality,not_dish
Butter Chicken,dish
Add-ons wish,not_dish
Paneer Tikka,dish
Pesarattu Upma,dish
Dal Makhani,dish
Serving Size mission,not_dish
Extra Cheese represent,not_dish
Serving Size meeting,not_dish
Lamb Chops,dish
Butter Chicken,dish
Butter Chicken,dish
No Onion answer,not_dish
Combo Offer war,not_dish
Price Varies dog,not_dish
New Arrival public,not_dish
Tandoori Roti,dish
Extra Cheese consumer,not_dish
Margherita Pizza,dish
Combo Offer class,not_dish
Cold build,not_dish
Cold next,not_dish
Add-ons forget,not_dish
New Arrival exist,not_dish
Serving Size skill,not_dish
Paneer Tikka,dish
Extra Cheese push,not_dish
Chef's Special gas,not_dish
Tandoori Roti,dish
Korean Bibimbap,dish
Taxes Extra west,not_dish
Price Varies forget,not_dish
Paneer Tikka,dish
Tandoori Roti,dish
Serving Size police,not_dish
Chef's Special look,not_dish
Hot guess,not_dish
Tandoori Roti,dish
Serving Size drop,not_dish
Served Daily office,not_dish
Fish Fry,dish
Butter Chicken,dish
Combo Offer somebody,not_dish
Add-ons activity,not_dish
Mutton Korma,dish
Lamb Curry,dish
Add-ons six,not_dish
Paneer Tikka,dish
Margherita Pizza,dish
Combo Offer number,not_dish
Dal Makhani,dish
New Arrival security,not_dish
Sushi Roll,dish
Pasta Carbonara,dish
Extra Cheese argue,not_dish
Served Daily physical,not_dish
Fish Fry,dish
New Arrival whatever,not_dish
Served Daily you,not_dish
Lamb Curry,dish
Dal Makhani,dish
Lamb Curry,dish
Margherita Pizza,dish
Mutton Korma,dish
Spicy discuss,not_dish
Dal Makhani,dish
No Onion defense,not_dish
Dal Makhani,dish
Taxes Extra exist,not_dish
Mutton Korma,dish
Add-ons network,not_dish
Butter Chicken,dish
Served Daily factor,not_dish
Served Daily smile,not_dish
Price Varies thus,not_dish
Paneer Tikka,dish
Extra Cheese beat,not_dish
Hot the,not_dish
Taxes Extra best,not_dish
No Onion statement,not_dish
Sushi Roll,dish
Add-ons rest,not_dish
Combo Offer play,not_dish
Hot development,not_dish
Margherita Pizza,dish
Serving Size skin,not_dish
Dal Makhani,dish
Tandoori Roti,dish
Chicken Biryani,dish
Extra Cheese debate,not_dish
Hot outside,not_dish
Sushi Roll,dish
Paneer Tikka,dish
No Onion represent,not_dish
Dal Makhani,dish
Served Daily hundred,not_dish
Malai Kofta,dish
Chef's Special bill,not_dish
Taxes Extra remember,not_dish
Cold know,not_dish
Veg Patty,dish
Serving Size relate,not_dish
Extra Cheese finish,not_dish
Butter Chicken,dish
Mutton Korma,dish
Extra Cheese staff,not_dish
Hot produce,not_dish
Taxes Extra city,not_dish
Sushi Roll,dish
Rava Kesari,dish
Butter Chicken,dish
Margherita Pizza,dish
Hot by,not_dish
Cold forward,not_dish
No Change Given,not_dish
Sushi Roll,dish
Serving Size do,not_dish
Margherita Pizza,dish
Served Daily often,not_dish
Dal Makhani,dish
Margherita Pizza,dish
Extra Cheese just,not_dish
Fish Fry,dish
Cold speak,not_dish
Taxes Extra discover,not_dish
Sushi Roll,dish
Add-ons movement,not_dish
Extra Cheese myself,not_dish
Hot decade,not_dish
Combo Offer wait,not_dish
No Onion treat,not_dish
Chef's Special find,not_dish
Add-ons significant,not_dish
Combo Offer type,not_dish
Extra Cheese one,not_dish
Veg Noodle Soup,dish
Dal Makhani,dish
Spicy although,not_dish
Sushi Roll,dish
Lamb Curry,dish
Tandoori Roti,dish
Hot trip,not_dish
Chef's Special energy,not_dish
Hot once,not_dish
Lamb Curry,dish
Price Varies top,not_dish
Paneer Tikka,dish
Waiting List,not_dish
Served Daily fire,not_dish
Tempura Prawn,dish
No Onion four,not_dish
Taxes Extra our,not_dish
Margherita Pizza,dish
Add-ons probably,not_dish
Add-ons indicate,not_dish
Fish Fry,dish
Cold hot,not_dish
Chicken Biryani,dish
Spicy approach,not_dish
Chicken Biryani,dish
Price Varies fine,not_dish
Paneer Tikka,dish
Margherita Pizza,dish
Price Varies to,not_dish
Dal Makhani,dish
Mutton Korma,dish
Taxes Extra similar,not_dish
Butter Chicken,dish
Tandoori Roti,dish
Add-ons girl,not_dish
Fish Fry,dish
Taxes Extra kid,not_dish
Served Daily forget,not_dish
Sushi Roll,dish
Hot suffer,not_dish
Paneer Tikka,dish
New Arrival already,not_dish
Margherita Pizza,dish
Ladies Night,not_dish
Lamb Curry,dish
Paneer Tikka,dish
Chicken Biryani,dish
Cold bag,not_dish
Dal Makhani,dish
Lamb Curry,dish
Hot ever,not_dish
Paneer Tikka,dish
Tandoori Roti,dish
Butter Chicken,dish
Chicken Biryani,dish
Mutton Korma,dish
Sushi Roll,dish
Taxes Extra down,not_dish
New Arrival ten,not_dish
Tandoori Roti,dish
Sushi Roll,dish
No Onion drive,not_dish
Tandoori Roti,dish
Spicy industry,not_dish
Cold call,not_dish
Sushi Roll,dish
New Arrival long,not_dish
Fish Fry,dish
No Onion out,not_dish
Spicy management,not_dish
Dal Makhani,dish
Served Daily situation,not_dish
Spicy response,not_dish
Margherita Pizza,dish
Fish Fry,dish
Paneer Tikka,dish
Served Daily one,not_dish
Served Daily remember,not_dish
Combo Offer project,not_dish
Mutton Korma,dish
Price Varies and,not_dish
Paneer Tikka,dish
Chicken Biryani,dish
Cheese Burst Pizza,dish
Dal Makhani,dish
Taxes Extra usually,not_dish
Extra Cheese edge,not_dish
Taxes Extra operation,not_dish
Spicy yes,not_dish
Hot rather,not_dish
Hot watch,not_dish
Lamb Curry,dish
Hot either,not_dish
Taxes Extra leg,not_dish
Lamb Curry,dish
Served Daily kind,not_dish
Margherita Pizza,dish
Cold will,not_dish
Taxes Extra represent,not_dish
Chef's Special space,not_dish
Served Daily chance,not_dish
Lamb Curry,dish
Butter Chicken,dish
Price Varies create,not_dish
Cold my,not_dish
Cold magazine,not_dish
Dum Aloo,dish
Mutton Korma,dish
Add-ons sing,not_dish
Served Daily sea,not_dish
Chef's Special within,not_dish
Taxes Extra herself,not_dish
Chicken Biryani,dish
Combo Offer evening,not_dish
Served Daily Mr,not_dish
Taxes Extra analysis,not_dish
Mutton Korma,dish
New Arrival tree,not_dish
Spicy home,not_dish
Mutton Korma,dish
Combo Offer center,not_dish
Margherita Pizza,dish
New Arrival tonight,not_dish
Lamb Curry,dish
Lamb Curry,dish
Sushi Roll,dish
Mutton Korma,dish
New Arrival sort,not_dish
Fish Fry,dish
Served Daily light,not_dish
Serving Size scientist,not_dish
Hot between,not_dish
New Arrival next,not_dish
Price Varies travel,not_dish
Paneer Tikka,dish
Fish Fry,dish
Price Varies outside,not_dish
Paneer Tikka,dish
Extra Cheese interest,not_dish
Namak Pare,dish
Paneer Tikka,dish
Price Varies evidence,not_dish
Butter Chicken,dish
Tandoori Roti,dish
Fish Fry,dish
Tandoori Roti,dish
Lamb Curry,dish
Combo Offer hair,not_dish
Serving Size along,not_dish
Spicy relate,not_dish
Chicken Biryani,dish
Served Daily price,not_dish
Sushi Roll,dish
Margherita Pizza,dish
Margherita Pizza,dish
Add-ons heart,not_dish
New Arrival rate,not_dish
Add-ons thank,not_dish
Tandoori Roti,dish
Taxes Extra far,not_dish
Chicken Biryani,dish
Sushi Roll,dish
Taxes Extra his,not_dish
Extra Cheese doctor,not_dish
Extra Cheese cut,not_dish
Sushi Roll,dish
Margherita Pizza,dish
Extra Cheese deep,not_dish
Dal Makhani,dish
Chef's Special time,not_dish
Fish Fry,dish
Mutton Korma,dish
Spicy own,not_dish
Paneer Tikka,dish
Prepaid Only,not_dish
Spicy you,not_dish
Dal Makhani,dish
Fish Fry,dish
Fish Fry,dish
Pesarattu,dish
Margherita Pizza,dish
Fish Fry,dish
Tandoori Roti,dish
Sushi Roll,dish
No Onion large,not_dish
Margherita Pizza,dish
Chef's Special member,not_dish
Dal Makhani,dish
Tandoori Roti,dish
Price Varies opportunity,not_dish
Margherita Pizza,dish
Fish Fry,dish
No Onion everybody,not_dish
Hygienic,not_dish
Paneer Tikka,dish
Mutton Korma,dish
Lamb Curry,dish
Extra Cheese attorney,not_dish
Taxes Extra language,not_dish
Served Daily kind,not_dish
Margherita Pizza,dish
Lamb Curry,dish
Tandoori Roti,dish
Sushi Roll,dish
Margherita Pizza,dish
Hot adult,not_dish
Serving Size south,not_dish
Chef's Special add,not_dish
Combo Offer culture,not_dish
Serving Size health,not_dish
Chicken Biryani,dish
Paneer Tikka,dish
Paneer Tikka,dish
Serving Size ask,not_dish
Lamb Curry,dish
Paneer Tikka,dish
Extra Cheese others,not_dish
Butter Chicken,dish
Hot show,not_dish
Extra Cheese sound,not_dish
Served Daily training,not_dish
Paneer Tikka,dish
New Arrival identify,not_dish
Combo Offer small,not_dish
Sushi Roll,dish
Sushi Roll,dish
Paneer Tikka,dish
Taxes Extra crime,not_dish
Lamb Curry,dish
Serving Size create,not_dish
Spicy stage,not_dish
Extra Cheese police,not_dish
Tandoori Roti,dish
New Arrival interview,not_dish
Paneer Tikka,dish
Dal Makhani,dish
Lamb Curry,dish
Cold kind,not_dish
Tandoori Roti,dish
Fish Fry,dish
Extra Cheese chance,not_dish
No Onion nice,not_dish
Extra Cheese guess,not_dish
Extra Cheese street,not_dish
Butter Chicken,dish
Spicy yet,not_dish
No Onion customer,not_dish
Combo Offer project,not_dish
Mutton Korma,dish
Chicken Biryani,dish
Paneer Tikka,dish
Serving Size listen,not_dish
Cold personal,not_dish
Chef's Special ball,not_dish
Spicy tend,not_dish
Fish Fry,dish
Price Varies white,not_dish
Egg Chilli,dish
Price Varies science,not_dish
Taxes Extra have,not_dish
Add-ons feeling,not_dish
Serving Size early,not_dish
Chef's Special because,not_dish
Family Pack,not_dish
Hot decide,not_dish
Add-ons foot,not_dish
Add-ons local,not_dish
Lamb Curry,dish
Dal Makhani,dish
Margherita Pizza,dish
Paneer Tikka,dish
Served Daily everybody,not_dish
Dal Makhani,dish
Sushi Roll,dish
Lamb Curry,dish
Lamb Curry,dish
Combo Offer head,not_dish
Mutton Korma,dish
Mutton Korma,dish
Paneer Tikka,dish
Sushi Roll,dish
Paneer Tikka,dish
Tandoori Roti,dish
Meen Curry,dish
Extra Cheese opportunity,not_dish
Combo Offer call,not_dish
Price Varies record,not_dish
Paneer Tikka,dish
Chicken Biryani,dish
Chicken Biryani,dish
Tandoori Roti,dish
Sushi Roll,dish
Served Daily once,not_dish
Served Daily discover,not_dish
Butter Chicken,dish
Combo Offer season,not_dish
Hot Mrs,not_dish
Combo Offer sort,not_dish
Sushi Roll,dish
Extra Cheese our,not_dish
Fish Fry,dish
Tandoori Roti,dish
Sushi Roll,dish
Tandoori Roti,dish
Mutton Korma,dish
Dal Makhani,dish
No Onion stage,not_dish
Served Daily end,not_dish
Taxes Extra responsibility,not_dish
Add-ons politics,not_dish
Hot memory,not_dish
Hot what,not_dish
Price Varies through,not_dish
Chicken Biryani,dish
Mutton Korma,dish
Chicken Biryani,dish
Serving Size possible,not_dish
New Arrival visit,not_dish
Keema Pav,dish
Sushi Roll,dish
Lamb Curry,dish
Serving Size reach,not_dish
Paneer Tikka,dish
Combo Offer course,not_dish
Hot those,not_dish
Margherita Pizza,dish
Margherita Pizza,dish
Spinach Ravioli,dish
Mutton Korma,dish
Cold perform,not_dish
Lamb Curry,dish
Sushi Roll,dish
Hot television,not_dish
Paneer Tikka,dish
Limited Edition,not_dish
New Arrival example,not_dish
Combo Offer make,not_dish
Serving Size they,not_dish
Paneer Tikka,dish
Mutton Korma,dish
Add-ons institution,not_dish
Sushi Roll,dish
Cold right,not_dish
Taxes Extra fly,not_dish
No Onion popular,not_dish
Phone Order,not_dish
New Arrival difference,not_dish
No Service Tax,not_dish
Fish Fry,dish
No Onion environmental,not_dish
Spicy picture,not_dish
Add-ons hospital,not_dish
Fish Fry,dish
Add-ons enter,not_dish
Chicken Biryani,dish
Combo Offer cut,not_dish
Lamb Curry,dish
Deluxe,not_dish
Hot land,not_dish
Paneer Tikka,dish
Butter Chicken,dish
Dal Makhani,dish
Served Daily people,not_dish
Mutton Korma,dish
Price Varies draw,not_dish
Cold right,not_dish
Price Varies agent,not_dish
No Onion new,not_dish
Spicy month,not_dish
Fish Fry,dish
Butter Chicken,dish
Dal Makhani,dish
Butter Chicken,dish
Price Varies music,not_dish
Chef Choice,not_dish
Spicy yeah,not_dish
Sushi Roll,dish
Chef's Special woman,not_dish
Serving Size father,not_dish
Spicy foot,not_dish
Shammi Kebab,dish
Hot marriage,not_dish
Chicken Biryani,dish
Served Daily take,not_dish
Hot performance,not_dish
Extra Cheese meet,not_dish
Dal Makhani,dish
Chicken Biryani,dish
No Onion among,not_dish
Hot east,not_dish
Taxes Extra hard,not_dish
Dal Makhani,dish
New Arrival yes,not_dish
No Onion major,not_dish
Butter Chicken,dish
Fish Fry,dish
Fish Fry,dish
Lamb Curry,dish
Combo Offer name,not_dish
Mutton Korma,dish
Cold its,not_dish
Lamb Curry,dish
Add-ons game,not_dish
New Arrival health,not_dish
Mutton Korma,dish
New Arrival positive,not_dish
Paneer Tikka,dish
Chicken Biryani,dish
Bruschetta,dish
New Arrival and,not_dish
Margherita Pizza,dish
Served Daily social,not_dish
Spicy mouth,not_dish
Mutton Korma,dish
Mutton Korma,dish
Tandoori Roti,dish
Combo Offer term,not_dish
Paneer Tikka,dish
Cold low,not_dish
Spicy myself,not_dish
Chicken Biryani,dish
Price Varies though,not_dish
Hot speech,not_dish
Butter Chicken,dish
Butter Chicken,dish
Chicken Biryani,dish
Mutton Korma,dish
Margherita Pizza,dish
Price Varies perhaps,not_dish
Butter Chicken,dish
Chicken Biryani,dish
Price Varies worry,not_dish
Lamb Curry,dish
Chicken Biryani,dish
Fish Fry,dish
Butter Chicken,dish
New Arrival paper,not_dish
Margherita Pizza,dish
Chicken Biryani,dish
No Onion weight,not_dish
Taxes Extra build,not_dish
Serving Size easy,not_dish
Dal Makhani,dish
Spicy against,not_dish
Add-ons development,not_dish
No Onion yet,not_dish
Hot recognize,not_dish
Paneer Tikka,dish
Serving Size despite,not_dish
Price Varies simply,not_dish
Tandoori Roti,dish
Mutton Korma,dish
Add-ons tree,not_dish
Add-ons quality,not_dish
Garlic Naan,dish
Served Daily recognize,not_dish
No Onion manage,not_dish
Combo Offer decade,not_dish
Serving Size important,not_dish
Add-ons cultural,not_dish
Butter Chicken,dish
Fish Fry,dish
Hot sense,not_dish
Sushi Roll,dish
Served Daily building,not_dish
Spicy career,not_dish
Margherita Pizza,dish
Sushi Roll,dish
Combo Offer what,not_dish
Bhatura,dish
New Arrival better,not_dish
Margherita Pizza,dish
Fish Fry,dish
Served Daily collection,not_dish
Lamb Curry,dish
Dal Makhani,dish
Price Varies avoid,not_dish
Served Daily method,not_dish
Dal Makhani,dish
Salmon Sushi,dish
Tandoori Roti,dish
Cold take,not_dish
Cold size,not_dish
Tandoori Roti,dish
Hot difficult,not_dish
Fish Fry,dish
Butter Chicken,dish
Extra Cheese loss,not_dish
Butter Chicken,dish
Spicy speech,not_dish
Serving Size show,not_dish
Spicy message,not_dish
Paneer Tikka,dish
Spicy or,not_dish
Serving Size two,not_dish
Tandoori Roti,dish
Served Daily thing,not_dish
Margherita Pizza,dish
Price Varies painting,not_dish
Butter Chicken,dish
Tandoori Roti,dish
Mutton Korma,dish
Taxes Extra continue,not_dish
New Arrival technology,not_dish
Served Daily majority,not_dish
Paneer Tikka,dish
Chicken Biryani,dish
Spicy sense,not_dish
Double Cheese Pizza,dish
Seats Available,not_dish
Music Night,not_dish
Tandoori Roti,dish
Add-ons support,not_dish
Prawn Curry,dish
Lamb Curry,dish
Margherita Pizza,dish
Sushi Roll,dish
No Onion spring,not_dish
Taxes Extra well,not_dish
Chicken Biryani,dish
New Arrival last,not_dish
New Arrival memory,not_dish
Price Varies free,not_dish
Butter Chicken,dish
Margherita Pizza,dish
Lamb Curry,dish
Paneer Tikka,dish
Cold daughter,not_dish
Cold send,not_dish
Add-ons five,not_dish
Chicken Biryani,dish
Margherita Pizza,dish
Tandoori Roti,dish
Butter Chicken,dish
Mutton Korma,dish
New Arrival positive,not_dish
Extra Cheese sell,not_dish
Chicken Biryani,dish
Hot study,not_dish
New Arrival beat,not_dish
Chicken Biryani,dish
New Arrival building,not_dish
Cold fast,not_dish
Taxes Extra program,not_dish
Fish Fry,dish
Margherita Pizza,dish
Paneer Tikka,dish
Butter Chicken,dish
Extra Cheese network,not_dish
New Arrival foot,not_dish
Spicy wonder,not_dish
No Onion argue,not_dish
New Arrival similar,not_dish
Sushi Roll,dish
Mutton Korma,dish
Takeaway Only,not_dish
Taxes Extra same,not_dish
Fish Fry,dish
Paneer Tikka,dish
Hot leave,not_dish
Dal Makhani,dish
Cold name,not_dish
Dal Makhani,dish
Dal Makhani,dish
Chicken Biryani,dish
Dal Makhani,dish
Tandoori Roti,dish
Served Daily last,not_dish
Lamb Curry,dish
Margherita Pizza,dish
Spicy staff,not_dish
Taxes Extra next,not_dish
Fish Fry,dish
Chef's Special there,not_dish
Cold blue,not_dish
Tandoori Roti,dish
Paneer Tikka,dish
Dal Makhani,dish
Margherita Pizza,dish
No Home Delivery,not_dish
Cold name,not_dish
Chef's Special ability,not_dish
Fish Fry,dish
Paneer Tikka,dish
Cold cell,not_dish
Add-ons or,not_dish
Sushi Roll,dish
Hot sit,not_dish
Margherita Pizza,dish
Serving Size relationship,not_dish
Chef's Special class,not_dish
Combo Offer strategy,not_dish
Price Varies and,not_dish
Cold out,not_dish
No Onion ten,not_dish
Combo Offer expert,not_dish
Chef's Special land,not_dish
Mutton Korma,dish
Margherita Pizza,dish
Served Daily remember,not_dish
Margherita Pizza,dish
Taxes Extra industry,not_dish
Paneer Tikka,dish
Hot here,not_dish
Margherita Pizza,dish
Lamb Curry,dish
Hot education,not_dish
Chicken Biryani,dish
Price Varies glass,not_dish
Chef's Special hospital,not_dish
Chef's Special list,not_dish
No Onion least,not_dish
Chef's Special rate,not_dish
Chef's Special about,not_dish
Hot true,not_dish
Tandoori Roti,dish
Butter Chicken,dish
Margherita Pizza,dish
Margherita Pizza,dish
Paneer Tikka,dish
Sushi Roll,dish
Set Menu,not_dish
Sushi Roll,dish
Chef's Special box,not_dish
No Onion certain,not_dish
Taxes Extra across,not_dish
Margherita Pizza,dish
Serving Size democratic,not_dish
Hot poor,not_dish
Add-ons religious,not_dish
Add-ons both,not_dish
Serving Size half,not_dish
Taxes Extra occur,not_dish
Combo Offer official,not_dish
Price Varies those,not_dish
Fish Fry,dish
Happy Guests,not_dish
Lamb Curry,dish
Chicken Biryani,dish
Margherita Pizza,dish
Sushi Roll,dish
New Arrival new,not_dish
Add-ons eat,not_dish
Chicken Biryani,dish
Dal Makhani,dish
No Onion go,not_dish
Add-ons sense,not_dish
New Arrival most,not_dish
Extra Cheese require,not_dish
Served Daily professor,not_dish
Hot not,not_dish
Taxes Extra religious,not_dish
Chicken Biryani,dish
Extra Cheese live,not_dish
New Arrival course,not_dish
Chicken Biryani,dish
Sushi Roll,dish
Tandoori Roti,dish
Spicy between,not_dish
Lamb Curry,dish
Taxes Extra economic,not_dish
Paneer Tikka,dish
Served Daily practice,not_dish
New Arrival involve,not_dish
No Onion finally,not_dish
Paneer Tikka,dish
Hot baby,not_dish
Lamb Curry,dish
Margherita Pizza,dish
Cold bill,not_dish
Fish Fry,dish
Spicy gun,not_dish
Mutton Korma,dish
Fish Fry,dish
Cold TV,not_dish
New Arrival pressure,not_dish
Mutton Korma,dish
Margherita Pizza,dish
Butter Chicken,dish
Serving Size black,not_dish
Served Daily focus,not_dish
New Arrival reach,not_dish
Price Varies Democrat,not_dish
Butter Chicken,dish
Cold structure,not_dish
No Onion force,not_dish
Chef's Special protect,not_dish
Chef's Special ahead,not_dish
Shorshe Ilish,dish
Margherita Pizza,dish
Dal Makhani,dish
Price Varies business,not_dish
Tandoori Roti,dish
Sushi Roll,dish
Chef's Special world,not_dish
Cold nice,not_dish
Mutton Korma,dish
Serving Size ahead,not_dish
Margherita Pizza,dish
Butter Chicken,dish
Fish Fry,dish
Hot prepare,not_dish
Margherita Pizza,dish
Served Daily voice,not_dish
New Arrival wrong,not_dish
Combo Offer democratic,not_dish
Tandoori Roti,dish
Lamb Curry,dish
Dal Makhani,dish
Hot on,not_dish
Batata Vada,dish
Combo Offer close,not_dish
Sushi Roll,dish
Chicken Biryani,dish
Taxes Extra lot,not_dish
Tandoori Roti,dish
Margherita Pizza,dish
Tandoori Roti,dish
Fish Fry,dish
Serving Size which,not_dish
Taste Guarantee,not_dish
Paneer Tikka,dish
Served Daily or,not_dish
Add-ons agency,not_dish
Cold easy,not_dish
Spicy production,not_dish
Butter Chicken,dish
Cold especially,not_dish
Tandoori Roti,dish
Margherita Pizza,dish
Chef's Special mention,not_dish
Lamb Curry,dish
No Onion administration,not_dish
Combo Offer painting,not_dish
New Arrival example,not_dish
Chef's Special bag,not_dish
Serving Size experience,not_dish
Hot task,not_dish
Taxes Extra whatever,not_dish
Mutton Korma,dish
New Arrival late,not_dish
Chef's Special wait,not_dish
Lamb Curry,dish
Tandoori Roti,dish
Chef's Special stand,not_dish
Margherita Pizza,dish
15% Off,not_dish
Butter Chicken,dish
Butter Chicken,dish
Cold eight,not_dish
Tandoori Roti,dish
Hot daughter,not_dish
Spicy billion,not_dish
Mutton Korma,dish
New Arrival list,not_dish
Tandoori Roti,dish
Sushi Roll,dish
Served Daily key,not_dish
Add-ons edge,not_dish
Spicy current,not_dish
Lamb Curry,dish
Cold cell,not_dish
Price Varies enjoy,not_dish
Extra Cheese three,not_dish
Spicy take,not_dish
Spicy opportunity,not_dish
Lamb Biryani,dish
Cold hand,not_dish
Taxes Extra per,not_dish
Butter Chicken,dish
Mutton Korma,dish
Chicken Biryani,dish
Chicken Biryani,dish
Dal Makhani,dish
Butter Chicken,dish
Paneer Tikka,dish
Cold police,not_dish
Fish Fry,dish
Price Varies off,not_dish
Chef's Special enter,not_dish
Chicken Biryani,dish
Chicken Biryani,dish
BYOB,not_dish
Fish Fry,dish
Hot thank,not_dish
Paneer Tikka,dish
Served Daily with,not_dish
Margherita Pizza,dish
Fish Fry,dish
Chicken Biryani,dish
Fish Fry,dish
Tandoori Roti,dish
Sushi Roll,dish
Margherita Pizza,dish
Extra Cheese rest,not_dish
Cold pick,not_dish
Butter Chicken,dish
No Onion seek,not_dish
Paneer Tikka,dish
Price Varies best,not_dish
Lamb Curry,dish
Lamb Curry,dish
Serving Size teach,not_dish
Fish Fry,dish
Taxes Extra result,not_dish
Fish Fry,dish
Served Daily tough,not_dish
Tandoori Roti,dish
Tandoori Roti,dish
Hot find,not_dish
Add-ons lead,not_dish
Mutton Korma,dish
Taxes Extra bar,not_dish
Price Varies others,not_dish
Combo Offer mission,not_dish
Chicken Biryani,dish
Paneer Tikka,dish
Fish Fry,dish
No Onion door,not_dish
New Arrival reality,not_dish
New Arrival environmental,not_dish
Add-ons agent,not_dish
Mutton Korma,dish
New Arrival process,not_dish
Chicken Biryani,dish
Butter Chicken,dish
Butter Chicken,dish
Fish Fry,dish
Chicken Biryani,dish
Dal Makhani,dish
Fish Fry,dish
Serving Size business,not_dish
New Arrival night,not_dish
Dal Makhani,dish
New Arrival value,not_dish
Butter Chicken,dish
Chef's Special can,not_dish
Price Varies join,not_dish
Lamb Curry,dish
Butter Chicken,dish
Chicken Biryani,dish
New Arrival person,not_dish
Tandoori Roti,dish
Price Varies better,not_dish
New Arrival clearly,not_dish
Hot military,not_dish
Dal Makhani,dish
Served Daily event,not_dish
Serving Size thought,not_dish
Lamb Curry,dish
Dal Makhani,dish
Fish Fry,dish
Combo Offer wide,not_dish
Extra Cheese realize,not_dish
On Request,not_dish
Add-ons many,not_dish
Chef's Special across,not_dish
Blueberry Muffin,dish
Cold those,not_dish
Combo Offer line,not_dish
New Arrival return,not_dish
Price Varies catch,not_dish
Hot strategy,not_dish
Lamb Curry,dish
Fish Fry,dish
Dal Makhani,dish
Paneer Tikka,dish
Margherita Pizza,dish
Fish Fry,dish
Serving Size memory,not_dish
Taxes Extra old,not_dish
Dal Makhani,dish
Chicken Biryani,dish
Add-ons challenge,not_dish
Minimum Bill,not_dish
Fish Fry,dish
Served Daily PM,not_dish
Add-ons member,not_dish
Butter Chicken,dish
Fish Fry,dish
Taxes Extra huge,not_dish
Margherita Pizza,dish
Taxes Extra front,not_dish
Serving Size upon,not_dish
Combo Offer send,not_dish
Add-ons summer,not_dish
Price Varies arm,not_dish
Paneer Tikka,dish
Chicken Chettinad,dish
Sushi Roll,dish
New Arrival herself,not_dish
Paneer Tikka,dish
Served Daily he,not_dish
Spicy office,not_dish
Cold war,not_dish
Lamb Curry,dish
Butter Chicken,dish
Cold today,not_dish
Sushi Roll,dish
Margherita Pizza,dish
Spicy next,not_dish
Extra Cheese often,not_dish
Chicken Biryani,dish
New Arrival no,not_dish
Cold whatever,not_dish
Serving Size pretty,not_dish
Mutton Korma,dish
Hot help,not_dish
Dal Makhani,dish
Tandoori Roti,dish
Coconut Rice,dish
Tandoori Roti,dish
Dal Makhani,dish
Cold society,not_dish
No Onion great,not_dish
Taxes Extra west,not_dish
Served Daily boy,not_dish
Sushi Roll,dish
Extra Cheese carry,not_dish
Margherita Pizza,dish
No Onion likely,not_dish
Margherita Pizza,dish
Combo Offer want,not_dish
Butter Chicken,dish
Dal Makhani,dish
Margherita Pizza,dish
Tandoori Roti,dish
Fish Fry,dish
Served Daily western,not_dish
Sushi Roll,dish
Served Daily store,not_dish
Mutton Korma,dish
Sushi Roll,dish
Margherita Pizza,dish
Spicy sense,not_dish
Taxes Extra trial,not_dish
New Arrival morning,not_dish
Cornbread,dish
Cold value,not_dish
Doi Maach,dish
Chef's Special watch,not_dish
New Arrival resource,not_dish
Paneer Tikka,dish
Mutton Korma,dish
Taxes Extra contain,not_dish
Dal Makhani,dish
Fish Fry,dish
Chef's Special wide,not_dish
Margherita Pizza,dish
Served Daily market,not_dish
No Onion produce,not_dish
Margherita Pizza,dish
Extra Cheese win,not_dish
Margherita Pizza,dish
Combo Offer particularly,not_dish
Margherita Pizza,dish
Price Varies cultural,not_dish
Add-ons meet,not_dish
Chicken Biryani,dish
Lamb Curry,dish
Tandoori Roti,dish
No Onion parent,not_dish
Cold thought,not_dish
Spicy fly,not_dish
Margherita Pizza,dish
Add-ons seat,not_dish
Serving Size protect,not_dish
Mutton Korma,dish
Mutton Korma,dish
Add-ons ask,not_dish
Sushi Roll,dish
Combo Offer central,not_dish
Sushi Roll,dish
Spicy husband,not_dish
Tandoori Roti,dish
Fish Fry,dish
Add-ons opportunity,not_dish
Chef's Special kitchen,not_dish
Chicken Biryani,dish
Paneer Tikka,dish
Price Varies air,not_dish
New Arrival hot,not_dish
Mutton Korma,dish
Sushi Roll,dish
Taxes Extra garden,not_dish
Cold bag,not_dish
Margherita Pizza,dish
Lamb Curry,dish
Spicy drive,not_dish
Idli Sambar,dish
Lamb Curry,dish
Margherita Pizza,dish
Price Varies foot,not_dish
Paneer Tikka,dish
Add-ons car,not_dish
Order Limit,not_dish
Taxes Extra threat,not_dish
Serving Size yeah,not_dish
Served Daily past,not_dish
Fish Fry,dish
Butter Chicken,dish
Dal Makhani,dish
New Arrival something,not_dish
Taxes Extra similar,not_dish
Fish Fry,dish
Mutton Korma,dish
New Arrival leave,not_dish
Chicken Biryani,dish
Sushi Roll,dish
Butter Chicken,dish
Cold,not_dish
Taxes Extra program,not_dish
Cold out,not_dish
Paneer Tikka,dish
Fish Fry,dish
Margherita Pizza,dish
Tandoori Roti,dish
Add-ons into,not_dish
Lamb Curry,dish
Premium Quality,not_dish
Served Daily high,not_dish
Tandoori Roti,dish
Cold national,not_dish
Margherita Pizza,dish
Combo Offer walk,not_dish
Mutton Korma,dish
Lamb Curry,dish
Red Velvet Cupcake,dish
Chicken Biryani,dish
Extra Cheese talk,not_dish
Chef's Special establish,not_dish
Paneer Tikka,dish
Dal Makhani,dish
Served Daily nearly,not_dish
Sushi Roll,dish
Lamb Curry,dish
Chicken Biryani,dish
Chicken Biryani,dish
Spicy tax,not_dish
Lamb Curry,dish
Dal Makhani,dish
Spicy something,not_dish
Price Varies building,not_dish
Extra Cheese possible,not_dish
Margherita Pizza,dish
Sushi Roll,dish
Combo 2,not_dish
Mutton Korma,dish
Butter Chicken,dish
Chicken Biryani,dish
Paneer Tikka,dish
Extra Cheese unit,not_dish
Goan Fish Curry,dish
Chicken Biryani,dish
Chicken Biryani,dish
Dal Makhani,dish
Lamb Curry,dish
Mutton Korma,dish
Fish Fry,dish
Spicy power,not_dish
Combo Offer land,not_dish
Serving Size side,not_dish
Extra Cheese matter,not_dish
Fish Fry,dish
Spicy people,not_dish
Butter Chicken,dish
Broccoli Soup,dish
Sushi Roll,dish
Dal Makhani,dish
Sushi Roll,dish
Taxes Extra learn,not_dish
Add-ons when,not_dish
Lamb Curry,dish
Hot reduce,not_dish
New Arrival star,not_dish
No Onion any,not_dish
Paneer Tikka,dish
Dalma,dish
Banquet,not_dish
Taxes Extra field,not_dish
Spicy research,not_dish
Butter Chicken,dish
Price Varies early,not_dish
Chef's Special culture,not_dish
Margherita Pizza,dish
Lunch Deal,not_dish
Neer Dosa,dish
Lamb Curry,dish
Serving Size art,not_dish
Margherita Pizza,dish
Serving Size surface,not_dish
Paneer Tikka,dish
Cold education,not_dish
Serving Size pick,not_dish
Extra Cheese too,not_dish
Margherita Pizza,dish
Lamb Curry,dish
Dal Makhani,dish
Chicken Biryani,dish
Margherita Pizza,dish
Paneer Tikka,dish
No Refund,not_dish
Add-ons skill,not_dish
Spicy expert,not_dish
Fish Tikka,dish
Hot however,not_dish
Mutton Korma,dish
Lamb Curry,dish
Chicken Biryani,dish
Sushi Roll,dish
Paneer Tikka,dish
Extra Cheese second,not_dish
Mutton Korma,dish
New Arrival late,not_dish
Chicken Biryani,dish
Paneer Tikka,dish
Chef's Special million,not_dish
Chicken Biryani,dish
Chicken Biryani,dish
Hot develop,not_dish
Extra Cheese they,not_dish
New Arrival phone,not_dish
Cold easy,not_dish
Butter Chicken,dish
New Arrival too,not_dish
Served Daily set,not_dish
Served Daily enjoy,not_dish
Lamb Curry,dish
Sushi Roll,dish
Taxes Extra movement,not_dish
Fish Fry,dish
Serving Size level,not_dish
Paytm Accepted,not_dish
Mutton Korma,dish
Combo Offer remain,not_dish
New Arrival arrive,not_dish
Paneer Tikka,dish
Margherita Pizza,dish
Peanut Butter Cookie,dish
Served Daily suggest,not_dish
Serving Size whom,not_dish
Cold professor,not_dish
Fish Fry,dish
New Arrival strategy,not_dish
Butter Chicken,dish
Butter Chicken,dish
Sushi Roll,dish
Paneer Tikka,dish
Hot impact,not_dish
Cold responsibility,not_dish
Taxes Extra western,not_dish
Kung Pao Chicken,dish
New Arrival section,not_dish
Mutton Korma,dish
Burrito Bowl,dish
Spicy decade,not_dish
Taxes Extra answer,not_dish
Add-ons writer,not_dish
Tandoori Roti,dish
Cold reduce,not_dish
Paneer Tikka,dish
Tandoori Roti,dish
Lamb Curry,dish
Extra Cheese whether,not_dish
Chicken Biryani,dish
Spicy health,not_dish
Extra Cheese down,not_dish
Margherita Pizza,dish
Chicken Biryani,dish
Spicy floor,not_dish
Fish Fry,dish
Tandoori Roti,dish
Hot citizen,not_dish
Extra Cheese around,not_dish
Served Daily specific,not_dish
Taxes Extra east,not_dish
Serving Size civil,not_dish
Hot or,not_dish
Combo Offer with,not_dish
Dal Makhani,dish
Cold two,not_dish
Sushi Roll,dish
Cold election,not_dish
Chef's Special respond,not_dish
Hot into,not_dish
Served Daily budget,not_dish
Butter Chicken,dish
Sabudana Vada,dish
Above ₹500,not_dish
Paneer Tikka,dish
Mutton Korma,dish
Cold worry,not_dish
Palak Paneer,dish
Tandoori Roti,dish
Lamb Curry,dish
250g,not_dish
Sushi Roll,dish
Chef's Special ready,not_dish
Spicy hand,not_dish
Dal Makhani,dish
Butter Chicken,dish
Butter Chicken,dish
Lamb Curry,dish
New Arrival attorney,not_dish
Cold PM,not_dish
Hot may,not_dish
Dal Makhani,dish
Chicken Biryani,dish
Hot century,not_dish
Mutton Korma,dish
Chicken Biryani,dish
Cold market,not_dish
Sushi Roll,dish
Dal Makhani,dish
Extra Cheese loss,not_dish
Serving Size explain,not_dish
Cold have,not_dish
Hot decide,not_dish
Fish Fry,dish
Chicken Biryani,dish
Sushi Roll,dish
Sushi Roll,dish
Dal Makhani,dish
Spicy strong,not_dish
Taxes Extra name,not_dish
Chicken Biryani,dish
Serving Size care,not_dish
New Arrival indicate,not_dish
Tandoori Roti,dish
Taxes Extra civil,not_dish
Fish Fry,dish
Chef's Special point,not_dish
Paneer Tikka,dish
Add-ons machine,not_dish
Butter Chicken,dish
Dal Makhani,dish
Chef's Special dream,not_dish
No Onion up,not_dish
Price Varies significant,not_dish
Lamb Curry,dish
Chef's Special weight,not_dish
Combo Offer far,not_dish
Fish Fry,dish
Add-ons eight,not_dish
Mutton Korma,dish
Add-ons that,not_dish
Hot level,not_dish
Cold for,not_dish
Add-ons require,not_dish
Stuffed Paratha,dish
Sushi Roll,dish
Fish Fry,dish
Chef's Special its,not_dish
Paneer Tikka,dish
Served Daily security,not_dish
New Arrival cost,not_dish
New Arrival social,not_dish
No Onion pass,not_dish
Combo Offer wide,not_dish
Spicy property,not_dish
Paneer Tikka,dish
Tandoori Roti,dish
Taxes Extra single,not_dish
Dal Makhani,dish
Dal Makhani,dish
No Onion stay,not_dish
Tandoori Roti,dish
No Onion take,not_dish
Sushi Roll,dish
Combo Offer level,not_dish
Chef's Special just,not_dish
No Onion top,not_dish
Matka Kulfi,dish
Cold former,not_dish
Chef's Special while,not_dish
Extra Cheese identify,not_dish
No Onion whole,not_dish
7 Days Open,not_dish
Dal Makhani,dish
Lamb Curry,dish
No Onion for,not_dish
Paneer Tikka,dish
Fish Fry,dish
Fish Fry,dish
Tandoori Roti,dish
Chicken Biryani,dish
Lamb Curry,dish
Mutton Korma,dish
New Arrival similar,not_dish
Add-ons father,not_dish
Tandoori Roti,dish
Price Varies culture,not_dish
Extra Cheese before,not_dish
Taxes Extra thank,not_dish
Butter Chicken,dish
New Arrival party,not_dish
Served Daily them,not_dish
Price Varies TV,not_dish
Mutton Korma,dish
Spicy he,not_dish
Margherita Pizza,dish
Hot charge,not_dish
Butter Chicken,dish
Add-ons determine,not_dish
Gazpacho,dish
Mutton Korma,dish
Hot laugh,not_dish
Sushi Roll,dish
Add-ons rate,not_dish
Spicy majority,not_dish
Cold sort,not_dish
Fish Fry,dish
Served Daily act,not_dish
Chef's Special history,not_dish
Fish Fry,dish
Paneer Tikka,dish
Malpua,dish
Dal Makhani,dish
Extra Cheese suffer,not_dish
Fish Fry,dish
Sushi Roll,dish
Sushi Roll,dish
Combo Offer policy,not_dish
Fish Fry,dish
Lamb Curry,dish
Combo Offer new,not_dish
Dal Makhani,dish
Price Varies administration,not_dish
Combo Offer wear,not_dish
Spicy future,not_dish
Chef Special,not_dish
No Onion value,not_dish
Extra Cheese garden,not_dish
Butter Chicken,dish
Served Daily large,not_dish
Margherita Pizza,dish
Spicy full,not_dish
Paneer Tikka,dish
Serving Size mean,not_dish
Cold state,not_dish
Add-ons low,not_dish
Serving Size join,not_dish
Mutton Korma,dish
Kadai Chicken,dish
No Onion school,not_dish
Fish Fry,dish
Taxes Extra cultural,not_dish
Served Daily news,not_dish
Paneer Tikka,dish
New Arrival share,not_dish
Sushi Roll,dish
Serving Size political,not_dish
Dabeli,dish
Hot shake,not_dish
Margherita Pizza,dish
Mutton Korma,dish
Served Daily man,not_dish
Served Daily reveal,not_dish
Dal Makhani,dish
Spicy yes,not_dish
Sushi Roll,dish
Extra Cheese see,not_dish
Combo Offer economic,not_dish
Add-ons anything,not_dish
Hot middle,not_dish
Spicy become,not_dish
Add-ons water,not_dish
Chicken Biryani,dish
Butter Chicken,dish
New Arrival international,not_dish
Price Varies newspaper,not_dish
Mutton Korma,dish
Chicken Biryani,dish
Extra Cheese fish,not_dish
Add-ons senior,not_dish
Butter Chicken,dish
Mutton Korma,dish
Chicken Biryani,dish
Taxes Extra big,not_dish
2 Pc,not_dish
Mutton Korma,dish
Veg Only,not_dish
Mutton Korma,dish
Dal Makhani,dish
Sushi Roll,dish
Extra Cheese according,not_dish
Mutton Korma,dish
Lamb Curry,dish
Chef's Special support,not_dish
Sushi Roll,dish
Dal Makhani,dish
New Arrival sense,not_dish
Fish Fry,dish
Tandoori Roti,dish
Taxes Extra brother,not_dish
Sushi Roll,dish
Cocktail Hour,not_dish
Lamb Curry,dish
Chef's Special car,not_dish
Chicken Biryani,dish
Combo Offer back,not_dish
No Onion ago,not_dish
Combo Offer join,not_dish
Hot pick,not_dish
Combo Offer Mr,not_dish
Chicken Biryani,dish
Price Varies sometimes,not_dish
Paneer Tikka,dish
Extra Cheese produce,not_dish
Spicy rich,not_dish
Margherita Pizza,dish
Fish Fry,dish
Snack Time,not_dish
No Onion Democrat,not_dish
Chana Masala,dish
Margherita Pizza,dish
Sushi Roll,dish
Dal Makhani,dish
Cold bar,not_dish
Mutton Korma,dish
Price Varies meeting,not_dish
Andhra Chicken,dish
Paneer Tikka,dish
No Onion expert,not_dish
Taxes Extra spend,not_dish
Price Varies building,not_dish
Hot very,not_dish
Fish Fry,dish
Fish Fry,dish
Cold participant,not_dish
Margherita Pizza,dish
Spring Onion Soup,dish
Tandoori Roti,dish
Extra Cheese me,not_dish
Taxes Extra it,not_dish
Lamb Curry,dish
Cold alone,not_dish
Margherita Pizza,dish
Fish Fry,dish
Extra Cheese many,not_dish
Extra Cheese free,not_dish
Lamb Curry,dish
Chef's Special quickly,not_dish
Fish Fry,dish
Spicy week,not_dish
Chef's Special short,not_dish
Lamb Curry,dish
Mutton Korma,dish
Taxes Extra must,not_dish
Lamb Curry,dish
Dal Makhani,dish
Hot a,not_dish
Mutton Korma,dish
Hot return,not_dish
Extra Cheese line,not_dish
Tandoori Roti,dish
Combo Offer hard,not_dish
Paneer Tikka,dish
Extra Cheese father,not_dish
Chef's Special story,not_dish
Mutton Korma,dish
Combo Offer speak,not_dish
Chicken Biryani,dish
Lamb Curry,dish
New Arrival between,not_dish
Margherita Pizza,dish
Chef's Special enjoy,not_dish
New Arrival easy,not_dish
Butter Chicken,dish
No Onion conference,not_dish
Dal Makhani,dish
Lamb Curry,dish
Chicken Biryani,dish
Combo Offer foreign,not_dish
Chicken Momos,dish
Dal Makhani,dish
Chef's Special best,not_dish
New Arrival pick,not_dish
Paneer Tikka,dish
Mutton Korma,dish
Lamb Curry,dish
Butter Chicken,dish
Add-ons Mr,not_dish
Cold address,not_dish
Margherita Pizza,dish
Combo Offer seven,not_dish
Mutton Korma,dish
Cold air,not_dish
Paneer Tikka,dish
Chef's Special dark,not_dish
Taxes Extra politics,not_dish
Cold detail,not_dish
Price Varies fill,not_dish
Butter Chicken,dish
Sushi Roll,dish
Spicy design,not_dish
Add-ons serve,not_dish
Paneer Tikka,dish
Serving Size available,not_dish
Margherita Pizza,dish
Paneer Tikka,dish
Extra Cheese tonight,not_dish
Lamb Curry,dish
Dal Makhani,dish
Taxes Extra act,not_dish
Taxes Extra space,not_dish
Cold subject,not_dish
Lamb Curry,dish
Cold night,not_dish
Paneer Tikka,dish
No Onion enter,not_dish
No Onion page,not_dish
No Onion animal,not_dish
Sushi Roll,dish
Served Daily resource,not_dish
Mutton Korma,dish
Cold prepare,not_dish
Margherita Pizza,dish
Fish Fry,dish
Mutton Korma,dish
Tandoori Roti,dish
Combo Offer see,not_dish
Combo Offer future,not_dish
Dal Makhani,dish
Margherita Pizza,dish
Table 3,not_dish
Chef's Special machine,not_dish
Combo Offer model,not_dish
Spicy herself,not_dish
Served Daily water,not_dish
Served Daily quite,not_dish
Dal Makhani,dish
Served Daily nearly,not_dish
Dal Makhani,dish
Butter Chicken,dish
Served Daily could,not_dish
Hot family,not_dish
Margherita Pizza,dish
Chicken Biryani,dish
Chicken Biryani,dish
Margherita Pizza,dish
Beverages,not_dish
Tandoori Roti,dish
Served Daily fine,not_dish
Butter Chicken,dish
Dal Makhani,dish
Spicy once,not_dish
Cold at,not_dish
Dal Makhani,dish
Chicken Biryani,dish
Cold doctor,not_dish
Chef's Special region,not_dish
Chef's Special region,not_dish
Serving Size available,not_dish
Open Daily,not_dish
Minimum Order,not_dish
Combo Offer fight,not_dish
Chef's Special miss,not_dish
Tandoori Roti,dish
Margherita Pizza,dish
Spicy career,not_dish
Dal Makhani,dish
Chef's Note,not_dish
Serving Size find,not_dish
Add-ons book,not_dish
Lamb Curry,dish
No Onion wind,not_dish
2nd Floor,not_dish
Hot finish,not_dish
Extra Cheese admit,not_dish
Serving Size country,not_dish
Extra Cheese upon,not_dish
No Onion miss,not_dish
Price Varies environmental,not_dish
Chef's Special goal,not_dish
Lamb Curry,dish
Chef's Special same,not_dish
Add-ons Congress,not_dish
Price Varies almost,not_dish
Paneer Tikka,dish
Lamb Curry,dish
Butter Chicken,dish
Tandoori Roti,dish
Paneer Tikka,dish
Extra Cheese far,not_dish
Cold fact,not_dish
Hot late,not_dish
Paneer Tikka,dish
Hot article,not_dish
Chef's Special exist,not_dish
Chef's Special wife,not_dish
Tandoori Roti,dish
Margherita Pizza,dish
Prawn Fried Rice,dish
Served Daily large,not_dish
Cold go,not_dish
Mutton Korma,dish
Hazelnut Torte,dish
Extra Cheese head,not_dish
No Onion speak,not_dish
Lamb Curry,dish
New Arrival manager,not_dish
Combo Offer effect,not_dish
Tandoori Roti,dish
Taxes Extra which,not_dish
Margherita Pizza,dish
Fish Fry,dish
Fish Fry,dish
Add-ons day,not_dish
Mutton Korma,dish
New Arrival character,not_dish
Fish Fry,dish
Margherita Pizza,dish
Lamb Curry,dish
Sushi Roll,dish
No Onion market,not_dish
Butter Chicken,dish
Extra Cheese morning,not_dish
Sushi Roll,dish
Egg Paratha,dish
Hot billion,not_dish
Served Daily character,not_dish
Extra Cheese,not_dish
Paneer Tikka,dish
Mutton Korma,dish
Hot fact,not_dish
Fish Fry,dish
Served Daily region,not_dish
No Onion provide,not_dish
Add-ons seven,not_dish
Lamb Curry,dish
Price Varies now,not_dish
Taxes Extra visit,not_dish
Paneer Tikka,dish
Spicy part,not_dish
Sushi Roll,dish
Cold cultural,not_dish
Chef's Special from,not_dish
Paneer Tikka,dish
Extra Cheese movement,not_dish
Lamb Curry,dish
Hot skill,not_dish
Price Varies many,not_dish
Margherita Pizza,dish
New Arrival economy,not_dish
Mutton Korma,dish
Hot remain,not_dish
Combo Offer hotel,not_dish
Fish Fry,dish
Chef's Special heavy,not_dish
Cold community,not_dish
Cold environment,not_dish
Taxes Extra oil,not_dish
Lamb Curry,dish
Extra Cheese ask,not_dish
Serving Size page,not_dish
Paneer Tikka,dish
Chicken Biryani,dish
Mutton Korma,dish
Tandoori Roti,dish
Cold turn,not_dish
Hot shoulder,not_dish
Taxes Extra agency,not_dish
New Arrival let,not_dish
Served Daily carry,not_dish
Add-ons turn,not_dish
Butter Chicken,dish
Dal Makhani,dish
Price Varies example,not_dish
Lamb Curry,dish
No Onion current,not_dish
No Onion Mrs,not_dish
Mutton Korma,dish
Mutton Korma,dish
Under ₹200,not_dish
Hot offer,not_dish
Fish Fry,dish
Dal Makhani,dish
Chef's Special perhaps,not_dish
Extra Cheese western,not_dish
Live Music,not_dish
Margherita Pizza,dish
Served Daily say,not_dish
Fish Fry,dish
Dal Makhani,dish
New Arrival billion,not_dish
Margherita Pizza,dish
Rice Papad,dish
Butter Chicken,dish
Add-ons nothing,not_dish
Price Varies adult,not_dish
Cold improve,not_dish
Mutton Korma,dish
Serving Size able,not_dish
Extra Cheese woman,not_dish
Tandoori Roti,dish
New Arrival majority,not_dish
Paneer Tikka,dish
Tandoori Roti,dish
Chef's Special discussion,not_dish
Serving Size necessary,not_dish
Add-ons together,not_dish
Chicken Biryani,dish
Fish Fry,dish
Lamb Curry,dish
Masala Dosa,dish
Taxes Extra much,not_dish
Add-ons trip,not_dish
Margherita Pizza,dish
New Arrival five,not_dish
Fish Fry,dish
Fish Fry,dish
Spicy argue,not_dish
Cold take,not_dish
Paneer Tikka,dish
Chef's Special style,not_dish
Spicy them,not_dish
New Arrival should,not_dish
Gift Card,not_dish
Chicken Biryani,dish
Mutton Korma,dish
Paneer Tikka,dish
Margherita Pizza,dish
Mutton Korma,dish
Mutton Korma,dish
Margherita Pizza,dish
No Onion state,not_dish
Chicken Pasta,dish
Add-ons else,not_dish
Paneer Tikka,dish
Hot admit,not_dish
Serving Size tonight,not_dish
Combo Offer wrong,not_dish
New Arrival voice,not_dish
Price Varies enjoy,not_dish
Fish Fry,dish
Fish Fry,dish
New Arrival staff,not_dish
Spicy such,not_dish
Extra Cheese audience,not_dish
Hot nearly,not_dish
Chef's Special make,not_dish
Paneer Tikka,dish
Tandoori Roti,dish
New Arrival tell,not_dish
Extra Cheese have,not_dish
Butter Chicken,dish
Fish Fry,dish
Chef's Special hotel,not_dish
Margherita Pizza,dish
Spicy computer,not_dish
Cold choose,not_dish
Chef's Special foot,not_dish
Hot hit,not_dish
Butter Chicken,dish
Hot under,not_dish
New Arrival step,not_dish
Tandoori Roti,dish
Paneer Tikka,dish
Add-ons break,not_dish
Paneer Tikka,dish
Hot least,not_dish
Taxes Extra too,not_dish
Dal Makhani,dish
Hot yet,not_dish
No Onion take,not_dish
Paneer Tikka,dish
Hot over,not_dish
Price Varies say,not_dish
Spicy effort,not_dish
Paneer Tikka,dish
Chicken Biryani,dish
Extra Cheese try,not_dish
Chicken Biryani,dish
Lamb Curry,dish
Ready for Pickup,not_dish
Paneer Tikka,dish
Served Daily year,not_dish
No Onion north,not_dish
Hot oil,not_dish
Sushi Roll,dish
Rava Fish Fry,dish
Served Daily degree,not_dish
Sushi Roll,dish
Mutton Korma,dish
Taxes Extra customer,not_dish
Fish Fry,dish
Margherita Pizza,dish
Lamb Curry,dish
Dal Makhani,dish
Tandoori Roti,dish
Chicken Biryani,dish
Combo Offer almost,not_dish
Spicy together,not_dish
Black Bean Burger,dish
Paneer Tikka,dish
Extra Cheese learn,not_dish
Chicken Biryani,dish
Lamb Curry,dish
Mutton Korma,dish
Price Varies area,not_dish
Lamb Curry,dish
Fruit Rabdi,dish
Customer Only,not_dish
Combo Offer star,not_dish
Lamb Curry,dish
Tandoori Roti,dish
Fish Fry,dish
Tandoori Roti,dish
Fish Fry,dish
Spicy along,not_dish
Fish Fry,dish
New Arrival attack,not_dish
Spicy reason,not_dish
Sushi Roll,dish
Paneer Tikka,dish
Combo Offer you,not_dish
Margherita Pizza,dish
Fish Fry,dish
Add-ons tough,not_dish
Hara Bhara Kebab,dish
Chicken Biryani,dish
Chef's Special world,not_dish
Serving Size thought,not_dish
Fish Fry,dish
Rasgulla,dish
Dal Makhani,dish
Spicy current,not_dish
Papdi Chaat,dish
Chef's Special study,not_dish
Chef's Special along,not_dish
Paneer Tikka,dish
Lamb Curry,dish
Paneer Chili,dish
Sushi Roll,dish
Tandoori Roti,dish
Tandoori Roti,dish
Combo Offer blood,not_dish
No Onion capital,not_dish
Hot partner,not_dish
Chicken Biryani,dish
Add-ons among,not_dish
New Arrival evidence,not_dish
Spicy act,not_dish
Serving Size reason,not_dish
Taxes Extra expect,not_dish
Add-ons stay,not_dish
Served Daily single,not_dish
Pav Bhaji,dish
New Arrival source,not_dish
UPI,not_dish
Lamb Curry,dish
Dal Makhani,dish
Mutton Korma,dish
Sushi Roll,dish
Serving Size treat,not_dish
Chicken Biryani,dish
Grilled Vegetable Skewers,dish
Serving Size attention,not_dish
Extra Cheese single,not_dish
Add-ons difficult,not_dish
Meen Pollichathu,dish
Dal Makhani,dish
Tandoori Roti,dish
Chef's Special Republican,not_dish
Price Varies history,not_dish
New Arrival sell,not_dish
Hot those,not_dish
Margherita Pizza,dish
Sushi Roll,dish
Butter Chicken,dish
Taxes Extra he,not_dish
Add-ons wind,not_dish
No Onion industry,not_dish
Chicken Biryani,dish
Butter Chicken,dish
Russian Salad,dish
Paneer Tikka,dish
Spicy computer,not_dish
Achari Paneer,dish
Combo Offer commercial,not_dish
Zucchini Bread,dish
Chicken Tostada,dish
Tandoori Roti,dish
Fish Fry,dish
Serving Size morning,not_dish
Combo Offer to,not_dish
Extra Cheese fund,not_dish
Cold station,not_dish
Table Service,not_dish
Lamb Curry,dish
Taxes Extra defense,not_dish
Sushi Roll,dish
Serving Size prove,not_dish
Beetroot Poriyal,dish
Butter Chicken,dish
Butter Chicken,dish
Mutton Korma,dish
Tandoori Roti,dish
New Arrival scene,not_dish
No Onion against,not_dish
Thank You,not_dish
Served Daily may,not_dish
Add-ons have,not_dish
Jhalmuri,dish
Mutton Korma,dish
Dal Makhani,dish
No Onion ten,not_dish
Spicy exactly,not_dish
Lamb Curry,dish
Combo Offer main,not_dish
Paneer Tikka,dish
Baked Potato,dish
Mutton Korma,dish
Hot class,not_dish
Cold serve,not_dish
Chef's Special executive,not_dish
Tandoori Roti,dish
Spicy college,not_dish
Butter Chicken,dish
Add-ons trade,not_dish
Fish Fry,dish
Dal Makhani,dish
Add Gravy,not_dish
Chicken Biryani,dish
Paneer Tikka,dish
Cold call,not_dish
Price Varies direction,not_dish
Dal Makhani,dish
Butter Chicken,dish
Lamb Curry,dish
Served Daily white,not_dish
Combo Offer decision,not_dish
New Arrival though,not_dish
Taxes Extra easy,not_dish
Paneer Tikka,dish
Sushi Roll,dish
Tandoori Chicken,dish
Extra Cheese case,not_dish
Served Daily wind,not_dish
Add-ons,not_dish
Tandoori Roti,dish
Butter Chicken,dish
Chef's Special else,not_dish
Margherita Pizza,dish
Tandoori Roti,dish
Chef's Special by,not_dish
Chef's Special write,not_dish
Paneer Tikka,dish
Baked Macaroni,dish
Taxes Extra husband,not_dish
Fish Fry,dish
Taxes Extra own,not_dish
Serving Size piece,not_dish
Lamb Curry,dish
Hot foreign,not_dish
Cold kitchen,not_dish
Paneer Tikka,dish
New Arrival really,not_dish
Mutton Korma,dish
Tandoori Roti,dish
Served Daily return,not_dish
Lamb Curry,dish
Lamb Curry,dish
Butter Chicken,dish
Fish Fry,dish
Hot side,not_dish
Add-ons trial,not_dish
Price Varies among,not_dish
Fish Fry,dish
Lamb Curry,dish
Combo Offer ahead,not_dish
Chef's Special couple,not_dish
Spicy likely,not_dish
Tandoori Roti,dish
Paneer Tikka,dish
Butter Chicken,dish
Fish Fry,dish
Price Varies produce,not_dish
Mutton Korma,dish
Mutton Korma,dish
Chicken Biryani,dish
New Arrival pull,not_dish
Butter Chicken,dish
Fish Fry,dish
Butter Chicken,dish
Paneer Tikka,dish
Tandoori Roti,dish
Mutton Korma,dish
Hot ten,not_dish
Serving Size themselves,not_dish
Served Daily safe,not_dish
Chicken Biryani,dish
Mutton Korma,dish
Paneer Tikka,dish
Mutton Korma,dish
Tandoori Roti,dish
Membership,not_dish
Tandoori Roti,dish
Add-ons these,not_dish
Extra Cheese paper,not_dish
Chicken Biryani,dish
Combo Offer alone,not_dish
Lamb Curry,dish
Butter Chicken,dish
Chicken Biryani,dish
Paneer Tikka,dish
Price Varies adult,not_dish
Fish Fry,dish
Paneer Tikka,dish
Cold style,not_dish
Chicken Biryani,dish
Special Price,not_dish
Price Varies magazine,not_dish
Serving Size actually,not_dish
No Onion people,not_dish
Serving Size offer,not_dish
Cold out,not_dish
Add-ons image,not_dish
Chicken Biryani,dish
Price Varies second,not_dish
Spicy system,not_dish
Spicy image,not_dish
Sushi Roll,dish
Chef's Special right,not_dish
Spicy out,not_dish
Fish Fry,dish
Extra Cheese allow,not_dish
Patra,dish
Sushi Roll,dish
Paneer Tikka,dish
Jackfruit Biryani,dish
Cold lose,not_dish
Tandoori Roti,dish
No Onion significant,not_dish
Extra Cheese kitchen,not_dish
Serving Size miss,not_dish
Margherita Pizza,dish
Mutton Korma,dish
Paneer Tikka,dish
Cold back,not_dish
Shepherd’s Pie,dish
Chicken Biryani,dish
Price Varies paper,not_dish
Butter Chicken,dish
Cold design,not_dish
Serving Size western,not_dish
Taxes Extra right,not_dish
Serving Size always,not_dish
Mutton Korma,dish
Paneer Tikka,dish
Hot exactly,not_dish
Customer Care,not_dish
Mutton Korma,dish
Extra Cheese democratic,not_dish
Chef's Special them,not_dish
Mutton Korma,dish
Paneer Tikka,dish
Paneer Tikka,dish
Mutton Rogan Josh,dish
Sushi Roll,dish
Tandoori Roti,dish
Combo Offer near,not_dish
No Onion girl,not_dish
Chef's Special ok,not_dish
Mutton Korma,dish
Extra Cheese never,not_dish
Tandoori Roti,dish
Fish Fry,dish
Extra Cheese because,not_dish
Chef's Special our,not_dish
Hot report,not_dish
Dal Makhani,dish
Chicken Biryani,dish
Chicken Roll,dish
Hot up,not_dish
Chicken Biryani,dish
Lamb Curry,dish
Cold budget,not_dish
Butter Chicken,dish
Mutton Korma,dish
Extra Cheese song,not_dish
Cold door,not_dish
Sushi Roll,dish
Tandoori Roti,dish
New Arrival wonder,not_dish
Fish Fry,dish
Served Daily appear,not_dish
Add-ons represent,not_dish
Mutton Korma,dish
Taxes Extra necessary,not_dish
Tandoori Roti,dish
Combo Offer subject,not_dish
Combo Offer side,not_dish
Paneer Tikka,dish
Margherita Pizza,dish
Mutton Korma,dish
Lamb Curry,dish
Add-ons ahead,not_dish
Combo Offer market,not_dish
Tandoori Roti,dish
Taxes Extra bank,not_dish
Margherita Pizza,dish
Paneer Tikka,dish
Paneer Tikka,dish
Spicy pick,not_dish
Served Daily level,not_dish
Lamb Curry,dish
Combo Offer well,not_dish
New Arrival rate,not_dish
Fish Fry,dish
Mutton Korma,dish
Dal Makhani,dish
Spicy project,not_dish
Tandoori Roti,dish
Chef's Special others,not_dish
Dal Makhani,dish
Chicken Biryani,dish
Served Daily take,not_dish
Mutton Korma,dish
Butter Chicken,dish
Combo Offer newspaper,not_dish
Mutton Korma,dish
Mutton Korma,dish
Price Varies way,not_dish
Combo Offer next,not_dish
Fish Fry,dish
Chicken Biryani,dish
Tandoori Roti,dish
Dal Makhani,dish
Sushi Roll,dish
Tandoori Roti,dish
Served Daily agent,not_dish
Cold cut,not_dish
Butter Chicken,dish
Hot for,not_dish
Add-ons important,not_dish
Lamb Curry,dish
Margherita Pizza,dish
Butter Chicken,dish
Price Varies peace,not_dish
Dal Makhani,dish
Chef's Special paper,not_dish
Fish Fry,dish
Sushi Roll,dish
Chocolate Croissant,dish
Taxes Extra newspaper,not_dish
Taxes Extra school,not_dish
Tandoori Roti,dish
Serving Size avoid,not_dish
Dal Makhani,dish
Tandoori Roti,dish
Chef's Special community,not_dish
Fish Fry,dish
Fish Fry,dish
Mutton Korma,dish
Taxes Extra experience,not_dish
Extra Cheese garden,not_dish
Price Varies research,not_dish
Add-ons on,not_dish
GST extra,not_dish
Sushi Roll,dish
Margherita Pizza,dish
Hot southern,not_dish
Mutton Korma,dish
Lamb Curry,dish
Tandoori Roti,dish
Open Now,not_dish
Chef's Special who,not_dish
Dal Makhani,dish
Chicken Biryani,dish
Extra Cheese political,not_dish
Tandoori Roti,dish
Fish Fry,dish
Butter Chicken,dish
Paneer Tikka,dish
Paneer Tikka,dish
Fish Fry,dish
Paneer Tikka,dish
Mutton Korma,dish
Lamb Curry,dish
Serving Size last,not_dish
Sol Kadhi,dish
Lamb Curry,dish
Cold catch,not_dish
Sushi Roll,dish
Combo Offer those,not_dish
Paneer Tikka,dish
Cold set,not_dish
Chicken Biryani,dish
Macaroni Salad,dish
Mutton Korma,dish
Margherita Pizza,dish
Chef's Special suggest,not_dish
Mutton Korma,dish
Tandoori Roti,dish
Cold sometimes,not_dish
Cold maybe,not_dish
Butter Chicken,dish
Chef's Special however,not_dish
Paneer Tikka,dish
Mutton Korma,dish
Taxes Extra but,not_dish
Price Varies without,not_dish
Dal Makhani,dish
Fish Fry,dish
Lamb Curry,dish
Paneer Tikka,dish
Butter Chicken,dish
Butter Chicken,dish
Sushi Roll,dish
Spicy surface,not_dish
Dal Makhani,dish
Chicken Biryani,dish
Tandoori Roti,dish
Butter Chicken,dish
Sushi Roll,dish
Dal Makhani,dish
New Arrival thing,not_dish
Chef's Special their,not_dish
Cold necessary,not_dish
No Onion arm,not_dish
Price Varies run,not_dish
Add-ons security,not_dish
Price Varies firm,not_dish
Fish Fry,dish
Margherita Pizza,dish
Taxes Extra prove,not_dish
Chef's Special base,not_dish
Jeera Rice,dish
Chef's Special significant,not_dish
Taxes Extra around,not_dish
Margherita Pizza,dish
Dal Makhani,dish
Fish Fry,dish
From ₹99,not_dish
Served Daily tonight,not_dish
Chicken Biryani,dish
Lamb Curry,dish
Lamb Curry,dish
Margherita Pizza,dish
Serving Size those,not_dish
No Onion more,not_dish
Price Varies bed,not_dish
New Arrival yourself,not_dish
Combo Offer physical,not_dish
No Onion coach,not_dish
Combo Offer tough,not_dish
Paneer Tikka,dish
Cold son,not_dish
Hot issue,not_dish
Chicken Biryani,dish
Fish Moilee,dish
Butter Chicken,dish
Paneer Tikka,dish
Butter Chicken,dish
Extra Cheese can,not_dish
Paneer Tikka,dish
Fish Fry,dish
Combo Offer check,not_dish
Full House,not_dish
Baingan Bharta,dish
Paneer Tikka,dish
Chicken Biryani,dish
Cold list,not_dish
Lamb Curry,dish
Chicken Biryani,dish
Served Daily explain,not_dish
Price Varies cause,not_dish
No Onion while,not_dish
Dal Makhani,dish
Cold those,not_dish
Serving Size three,not_dish
Chicken Biryani,dish
Fish Fry,dish
No Onion worry,not_dish
Lamb Curry,dish
Tandoori Roti,dish
Dal Makhani,dish
Taxes Extra dog,not_dish
Fish Fry,dish
Cold local,not_dish
Paneer Tikka,dish
Sushi Roll,dish
Mutton Korma,dish
Margherita Pizza,dish
Dal Makhani,dish
Sushi Roll,dish
Paneer Tikka,dish
Hot what,not_dish
Served Daily out,not_dish
New Arrival candidate,not_dish
Taxes Extra nearly,not_dish
Served Daily them,not_dish
Add-ons people,not_dish
Lamb Curry,dish
Taxes Extra scene,not_dish
Paneer Tikka,dish
Margherita Pizza,dish
Cold consider,not_dish
Cold generation,not_dish
1 Pc,not_dish
New Arrival bit,not_dish
Dal Makhani,dish
Veg Pizza,dish
Combo Offer arrive,not_dish
Tandoori Roti,dish
No Onion approach,not_dish
Tandoori Roti,dish
Chicken Biryani,dish
Chicken Biryani,dish
Chef's Special policy,not_dish
New Arrival western,not_dish
Pineapple Rasam,dish
Serving Size hand,not_dish
Hot debate,not_dish
Paneer Tikka,dish
No Onion already,not_dish
Spicy number,not_dish
Price Varies get,not_dish
Chef's Special despite,not_dish
Fish Fry,dish
Fish Fry,dish
Chicken Biryani,dish
Lamb Curry,dish
Price Varies those,not_dish
Spicy do,not_dish
Fish Fry,dish
Lamb Curry,dish
Served Daily family,not_dish
Spicy way,not_dish
Add-ons human,not_dish
Chicken Biryani,dish
Taxes Extra city,not_dish
Chef's Special teacher,not_dish
Mutton Korma,dish
Spicy prove,not_dish
New Arrival picture,not_dish
Taxes Extra that,not_dish
Tandoori Roti,dish
Add-ons him,not_dish
Dal Makhani,dish
Chicken Biryani,dish
Spicy work,not_dish
Serving Size just,not_dish
Lamb Curry,dish
Extra Cheese although,not_dish
Dal Makhani,dish
Chef's Special perhaps,not_dish
Price Varies success,not_dish
Mutton Korma,dish
Sushi Roll,dish
Butter Chicken,dish
No Onion speech,not_dish
Dal Makhani,dish
Fish Fry,dish
Paneer Tikka,dish
Chef's Special case,not_dish
Sushi Roll,dish
Add-ons create,not_dish
Fish Fry,dish
No Onion between,not_dish
Butter Chicken,dish
Mutton Korma,dish
Taxes Extra through,not_dish
No Onion fine,not_dish
Paneer Tikka,dish
Add-ons while,not_dish
Served Daily memory,not_dish
Dal Makhani,dish
Mutton Korma,dish
Tandoori Roti,dish
Price Varies again,not_dish
Paneer Tikka,dish
Dal Makhani,dish
Dal Makhani,dish
Chicken Biryani,dish
Paneer Tikka,dish
Cold message,not_dish
Taxes Extra way,not_dish
Paneer Tikka,dish
Tandoori Roti,dish
Paneer Tikka,dish
Extra Cheese should,not_dish
Veg Momos,dish
Add-ons quite,not_dish
Spicy method,not_dish
Spicy figure,not_dish
Price Varies war,not_dish
Paneer Tikka,dish
Serving Size economy,not_dish
Lamb Curry,dish
Paneer Tikka,dish
Chicken Biryani,dish
Hot either,not_dish
Sushi Roll,dish
Price Varies site,not_dish
Cold help,not_dish
Margherita Pizza,dish
Fish Fry,dish
Price Varies again,not_dish
Add-ons because,not_dish
Chef's Special paper,not_dish
Spicy firm,not_dish
Margherita Pizza,dish
Served Daily along,not_dish
Price Varies western,not_dish
Fish Fry,dish
Price Varies individual,not_dish
Lamb Curry,dish
Margherita Pizza,dish
Chef's Special very,not_dish
Cold economic,not_dish
Paneer Tikka,dish
Tandoori Roti,dish
Chicken Biryani,dish
Spicy tend,not_dish
Combo Offer forward,not_dish
Chef's Special fight,not_dish
5%,not_dish
Butter Chicken,dish
Paneer Tikka,dish
Butter Chicken,dish
Chicken Biryani,dish
Chef's Special music,not_dish
Hot it,not_dish
Cold voice,not_dish
Chicken Biryani,dish
Hot middle,not_dish
Tandoori Roti,dish
Spicy without,not_dish
Lamb Curry,dish
Spicy network,not_dish
Taxes Extra same,not_dish
Taxes Extra issue,not_dish
No Onion administration,not_dish
Sushi Roll,dish
Lamb Curry,dish
Price Varies home,not_dish
Cold laugh,not_dish
Lamb Curry,dish
Chef's Special show,not_dish
Extra Cheese dream,not_dish
Served Daily energy,not_dish
Full Plate,not_dish
Fish Fry,dish
Margherita Pizza,dish
Dal Makhani,dish
Chicken Biryani,dish
New Arrival indeed,not_dish
Extra Cheese relationship,not_dish
Lamb Curry,dish
Butter Chicken,dish
Chicken Biryani,dish
Price Varies adult,not_dish
Butter Chicken,dish
Tandoori Roti,dish
Hot off,not_dish
Fish Fry,dish
New Arrival use,not_dish
Butter Chicken,dish
Lamb Curry,dish
Taxes Extra understand,not_dish
No Onion condition,not_dish
Combo Offer though,not_dish
Tandoori Roti,dish
Lamb Curry,dish
Margherita Pizza,dish
Combo Offer smile,not_dish
Mutton Korma,dish
Dal Makhani,dish
Chicken Biryani,dish
New Arrival majority,not_dish
Fish Fry,dish
Extra Cheese hotel,not_dish
Margherita Pizza,dish
Focaccia,dish
New Arrival director,not_dish
Paneer Tikka,dish
Price Varies ever,not_dish
Combo Offer management,not_dish
New Arrival machine,not_dish
New Arrival maybe,not_dish
Paneer Tikka,dish
Tandoori Roti,dish
Taxes Extra huge,not_dish
Combo Offer short,not_dish
Lamb Curry,dish
Fast Billing,not_dish
Dal Makhani,dish
Paneer Tikka,dish
Extra Cheese lot,not_dish
Paneer Tikka,dish
Extra Cheese hold,not_dish
Butter Chicken,dish
Margherita Pizza,dish
Paneer Bhurji,dish
Served Daily series,not_dish
Fish Fry,dish
Add-ons until,not_dish
Extra Cheese your,not_dish
Tandoori Roti,dish
Chicken Biryani,dish
Spicy value,not_dish
New Arrival letter,not_dish
Cold clearly,not_dish
Lamb Curry,dish
Chicken Biryani,dish
Chef's Special painting,not_dish
Dal Makhani,dish
Spicy executive,not_dish
No Onion safe,not_dish
Add-ons nature,not_dish
Tandoori Roti,dish
Tandoori Roti,dish
Sushi Roll,dish
Tandoori Roti,dish
Honey Mustard Chicken,dish
Mutton Korma,dish
Margherita Pizza,dish
Combo Offer budget,not_dish
Margherita Pizza,dish
Paneer Tikka,dish
Chicken Biryani,dish
Cold second,not_dish
Add-ons daughter,not_dish
Price Varies force,not_dish
Chicken Biryani,dish
Combo Offer ago,not_dish
Combo Offer meeting,not_dish
Mutton Korma,dish
Lamb Curry,dish
Price Varies appear,not_dish
Spicy ready,not_dish
Serving Size move,not_dish
Butter Chicken,dish
Tandoori Roti,dish
Chicken Biryani,dish
Lamb Curry,dish
Fish Fry,dish
Mutton Korma,dish
Mutton Korma,dish
Margherita Pizza,dish
Serving Size outside,not_dish
Chicken Biryani,dish
Price Varies oil,not_dish
Margherita Pizza,dish
Sushi Roll,dish
Spicy positive,not_dish
Complete Payment,not_dish
Combo Offer it,not_dish
New Arrival across,not_dish
Non-Veg,not_dish
Chicken Biryani,dish
Dal Makhani,dish
Chicken Biryani,dish
Sushi Roll,dish
Mutton Korma,dish
Spicy performance,not_dish
Tandoori Roti,dish
Tandoori Roti,dish
Hot hour,not_dish
Margherita Pizza,dish
Taxes Extra thus,not_dish
Chef's Special whether,not_dish
New Arrival development,not_dish
Butter Chicken,dish
Margherita Pizza,dish
Dal Makhani,dish
Hot size,not_dish
Butter Chicken,dish
Tandoori Roti,dish
Spicy those,not_dish
Lamb Curry,dish
Chicken Pepperoni Pizza,dish
Sushi Roll,dish
Butter Chicken,dish
Tandoori Roti,dish
Mutton Korma,dish
Butter Chicken,dish
Margherita Pizza,dish
Taxes Extra one,not_dish
Tandoori Roti,dish
Tandoori Roti,dish
New Arrival training,not_dish
Spicy activity,not_dish
Margherita Pizza,dish
Combo Offer interesting,not_dish
Price Varies central,not_dish
Butter Chicken,dish
Crab Cakes,dish
Taxes Extra score,not_dish
Serving Size oil,not_dish
Dal Makhani,dish
Paneer Tikka,dish
Dal Makhani,dish
Lamb Curry,dish
Cold value,not_dish
Butter Chicken,dish
Serving Size turn,not_dish
Add-ons them,not_dish
Margherita Pizza,dish
No Onion score,not_dish
Margherita Pizza,dish
Egg Drop Soup,dish
Served Daily newspaper,not_dish
Hot it,not_dish
Add-ons impact,not_dish
Add-ons through,not_dish
Butter Chicken,dish
Spicy why,not_dish
Dal Makhani,dish
Chef's Special condition,not_dish
Chicken Philly Sandwich,dish
Serving Size former,not_dish
Fish Fry,dish
Taxes Extra hotel,not_dish
Add-ons open,not_dish
No Onion join,not_dish
Chicken Shashlik,dish
Paneer Tikka,dish
Combo Offer resource,not_dish
Mutton Korma,dish
New Arrival never,not_dish
Margherita Pizza,dish
Butter Chicken,dish
Mutton Korma,dish
Chef's Special force,not_dish
Combo Offer behavior,not_dish
Margherita Pizza,dish
Served Daily couple,not_dish
Tandoori Roti,dish
Chef's Special describe,not_dish
Chef's Special none,not_dish
Extra Cheese cell,not_dish
Butter Chicken,dish
Mutton Korma,dish
Mutton Korma,dish
Served Daily model,not_dish
Chef's Special pass,not_dish
Cold morning,not_dish
Margherita Pizza,dish
Margherita Pizza,dish
Spicy operation,not_dish
Combo Offer create,not_dish
New Arrival possible,not_dish
Margherita Pizza,dish
Serving Size left,not_dish
Served Daily lawyer,not_dish
Litti Chokha,dish
Margherita Pizza,dish
Cold different,not_dish
Served Daily weight,not_dish
Fish Fry,dish
Lamb Curry,dish
Margherita Pizza,dish
Chicken Biryani,dish
Dry Day,not_dish
Cold land,not_dish
Chef's Special skill,not_dish
Tandoori Roti,dish
Tandoori Roti,dish
Chicken Biryani,dish
Spicy since,not_dish
Dal Makhani,dish
Margherita Pizza,dish
Lamb Curry,dish
Chicken Biryani,dish
Butter Chicken,dish
Mutton Korma,dish
Served Daily gun,not_dish
Extra Cheese important,not_dish
Fish Fry,dish
Combo Offer our,not_dish
Mutton Korma,dish
Mutton Korma,dish
Served Daily economy,not_dish
Butter Chicken,dish
Fish Fry,dish
Paneer Tikka,dish
Paneer Tikka,dish
Extra Cheese practice,not_dish
Add-ons young,not_dish
Dinner Buffet,not_dish
Combo Offer right,not_dish
Paneer Tikka,dish
Cold hospital,not_dish
Kheer,dish
Moong Dal Chilla,dish
Bacon Sandwich,dish
Chef's Special world,not_dish
Lamb Curry,dish
Fish Fry,dish
Tandoori Roti,dish
Add-ons including,not_dish
Sushi Roll,dish
No Onion couple,not_dish
Fish Fry,dish
No Onion possible,not_dish
Extra Cheese party,not_dish
Chicken Biryani,dish
Serving Size including,not_dish
New Arrival trade,not_dish
Combo Meal,not_dish
Paneer Tikka,dish
Served Daily TV,not_dish
Add-ons deal,not_dish
Dal Makhani,dish
Lamb Curry,dish
Extra Cheese part,not_dish
Sushi Roll,dish
Paneer Tikka,dish
Tandoori Roti,dish
No Onion dinner,not_dish
Ready by 7pm,not_dish
Paneer Tikka,dish
Extra Portion,not_dish
Paneer Tikka,dish
Add-ons arrive,not_dish
Paneer Tikka,dish
Served Daily trouble,not_dish
Hot wife,not_dish
Add-ons range,not_dish
Price Varies husband,not_dish
Fish Fry,dish
Mutton Korma,dish
Lamb Curry,dish
Chicken Biryani,dish
Chicken Biryani,dish
Sushi Roll,dish
Chicken Biryani,dish
Sushi Roll,dish
Combo Offer Republican,not_dish
Tandoori Roti,dish
Add-ons accept,not_dish
Add-ons catch,not_dish
Lamb Curry,dish
No Onion again,not_dish
Hot lead,not_dish
Tandoori Roti,dish
Extra Cheese in,not_dish
Fish Fry,dish
Add-ons chance,not_dish
Rice Add-on,not_dish
Hot find,not_dish
Butter Chicken,dish
Lamb Curry,dish
Margherita Pizza,dish
Cold party,not_dish
Mutton Korma,dish
Price Varies catch,not_dish
New Arrival important,not_dish
New Arrival central,not_dish
Tandoori Roti,dish
Chef's Special office,not_dish
Hot trouble,not_dish
Dal Makhani,dish
Chicken Biryani,dish
Served Daily there,not_dish
No Onion paper,not_dish
Chef's Special price,not_dish
Served Daily at,not_dish
Butter Chicken,dish
Served Daily mention,not_dish
Sushi Roll,dish
Add-ons item,not_dish
Tandoori Roti,dish
Chicken Biryani,dish
Tandoori Roti,dish
Butter Chicken,dish
Serving Size heart,not_dish
Sushi Roll,dish
Mutton Korma,dish
No Onion provide,not_dish
Sushi Roll,dish
Taxes Extra guy,not_dish
Extra Cheese painting,not_dish
Extra Cheese fine,not_dish
Chicken Biryani,dish
Served Daily sense,not_dish
Cream Mushroom Soup,dish
Butter Chicken,dish
Hot face,not_dish
No Onion yes,not_dish
Dal Makhani,dish
Margherita Pizza,dish
Extra Cheese common,not_dish
Add-ons wrong,not_dish
Margherita Pizza,dish
Lamb Curry,dish
Mutton Korma,dish
Serving Size shake,not_dish
Margherita Pizza,dish
Serving Size no,not_dish
Paneer Tikka,dish
No Onion allow,not_dish
Tandoori Roti,dish
Mutton Korma,dish
Mutton Korma,dish
Sushi Roll,dish
Price Varies the,not_dish
Paneer Tikka,dish
Mutton Korma,dish
Hot color,not_dish
To Share,not_dish
Service Tax,not_dish
Serving Size me,not_dish
Extra Cheese fall,not_dish
Cold father,not_dish
Combo Offer despite,not_dish
Margherita Pizza,dish
Mutton Korma,dish
Butter Chicken,dish
Taxes Extra crime,not_dish
Sushi Roll,dish
Cold another,not_dish
Served Daily your,not_dish
Served Daily project,not_dish
Butter Chicken,dish
Price Varies ago,not_dish
Mutton Korma,dish
Chicken Biryani,dish
New Arrival today,not_dish
Served Daily reduce,not_dish
Cold sort,not_dish
Matka Biryani,dish
Sushi Roll,dish
Butter Chicken,dish
Discount,not_dish
Sushi Roll,dish
Chef's Special eat,not_dish
Sushi Roll,dish
Butter Chicken,dish
Taxes Extra least,not_dish
Butter Chicken,dish
Served Daily approach,not_dish
No Onion positive,not_dish
Fish Fry,dish
Lamb Curry,dish
Butter Chicken,dish
Mutton Korma,dish
Tandoori Roti,dish
Chef's Special nature,not_dish
Extra Cheese test,not_dish
Mutton Korma,dish
Paneer Pakora,dish
Spicy fast,not_dish
Taxes Extra some,not_dish
Chef's Special fish,not_dish
Serving Size need,not_dish
Cold size,not_dish
Margherita Pizza,dish
Cheese Pizza,dish
Cold action,not_dish
Taxes Extra long,not_dish
No Onion provide,not_dish
Cold compare,not_dish
Sushi Roll,dish
Extra Cheese pick,not_dish
Dal Makhani,dish
Served Daily and,not_dish
Margherita Pizza,dish
No Onion part,not_dish
Margherita Pizza,dish
Dal Makhani,dish
Hot choice,not_dish
Extra Cheese allow,not_dish
Sushi Roll,dish
Margherita Pizza,dish
Chicken Biryani,dish
Margherita Pizza,dish
Mutton Korma,dish
Served Daily find,not_dish
Lamb Curry,dish
Butter Chicken,dish
Mutton Korma,dish
Tandoori Roti,dish
Taxes Extra phone,not_dish
Chettinad Fish,dish
Combo Offer radio,not_dish
Dal Makhani,dish
Serving Size meet,not_dish
Butter Chicken,dish
Extra Cheese analysis,not_dish
Fish Fry,dish
Priority Queue,not_dish
Mutton Korma,dish
Margherita Pizza,dish
Tandoori Roti,dish
Sushi Roll,dish
No Onion enter,not_dish
New Arrival follow,not_dish
No Onion character,not_dish
Combo Offer beyond,not_dish
Cold writer,not_dish
Served Daily finally,not_dish
Chicken Biryani,dish
Sushi Roll,dish
Serving Size what,not_dish
Hot new,not_dish
Lamb Curry,dish
Served Daily five,not_dish
Chef's Special class,not_dish
Butter Chicken,dish
Margherita Pizza,dish
Fish Fry,dish
Cold lawyer,not_dish
Serving Size factor,not_dish
No Onion human,not_dish
Hot increase,not_dish
Sushi Roll,dish
Chicken Biryani,dish
Lamb Curry,dish
Paneer Tikka,dish
Dal Makhani,dish
Cold ability,not_dish
Lamb Curry,dish
Fish Fry,dish
Sushi Roll,dish
Extra Cheese throughout,not_dish
Fish Fry,dish
Paneer Tikka,dish
Extra Cheese perhaps,not_dish
Taxes Extra trip,not_dish
Spicy of,not_dish
Hot factor,not_dish
Chef's Special prevent,not_dish
Serving Size art,not_dish
Dal Makhani,dish
Chicken Biryani,dish
Add-ons back,not_dish
Serving Size not,not_dish
Served Daily keep,not_dish
Serving Size several,not_dish
Sushi Roll,dish
Add-ons leave,not_dish
Sushi Roll,dish
Sushi Roll,dish
Paneer Tikka,dish
Margherita Pizza,dish
Mutton Korma,dish
Butter Chicken,dish
Combo Offer American,not_dish
Add-ons others,not_dish
Add-ons large,not_dish
Hot happen,not_dish
Lamb Curry,dish
Sushi Roll,dish
Chicken Biryani,dish
Price Varies show,not_dish
Dal Makhani,dish
Serving Size activity,not_dish
Margherita Pizza,dish
Lamb Curry,dish
Served Daily discussion,not_dish
Paneer Tikka,dish
Lamb Curry,dish
Served Daily various,not_dish
Dal Makhani,dish
Tandoori Roti,dish
Mutton Korma,dish
Cold action,not_dish
Chef's Special life,not_dish
Tandoori Roti,dish
Dal Makhani,dish
Price Varies side,not_dish
Sushi Roll,dish
Cold while,not_dish
Corn Palak,dish
Dal Makhani,dish
Hot finish,not_dish
Mutton Korma,dish
Combo Offer seem,not_dish
Mutton Korma,dish
Spicy tell,not_dish
Taxes Extra yes,not_dish
Tandoori Roti,dish
Tandoori Roti,dish
Mutton Korma,dish
Fish Fry,dish
Paneer Tikka,dish
Chef's Special fight,not_dish
Dal Makhani,dish
Serving Size risk,not_dish
Extra Cheese area,not_dish
Mutton Korma,dish
New Arrival table,not_dish
Hot fire,not_dish
Extra Cheese week,not_dish
Butter Chicken,dish
Dal Makhani,dish
Cold cell,not_dish
Mutton Korma,dish
Sushi Roll,dish
Served Daily case,not_dish
Mutton Korma,dish
Tandoori Roti,dish
Price Varies effort,not_dish
Taxes Extra news,not_dish
Pineapple Raita,dish
Sushi Roll,dish
Taxes Extra head,not_dish
Paneer Tikka,dish
Cold sell,not_dish
Served Daily pressure,not_dish
Tandoori Roti,dish
Tandoori Roti,dish
Dal Makhani,dish
Cheese Garlic Naan,dish
Chef's Special cell,not_dish
Fish Fry,dish
Hot music,not_dish
Fish Fry,dish
Hot day,not_dish
Combo Offer pull,not_dish
Sushi Roll,dish
Cold soldier,not_dish
Paneer Tikka,dish
No Onion policy,not_dish
Chicken Biryani,dish
Cold room,not_dish
Sushi Roll,dish
Mutton Korma,dish
Serving Size race,not_dish
Lamb Curry,dish
Fish Fry,dish
Butter Chicken,dish
Margherita Pizza,dish
Fish Fry,dish
Spicy real,not_dish
Combo Offer option,not_dish
Extra Cheese grow,not_dish
Served Daily sense,not_dish
Cold water,not_dish
Combo Offer source,not_dish
Cold doctor,not_dish
Lamb Curry,dish
No Onion race,not_dish
Serving Size degree,not_dish
New Arrival but,not_dish
Tandoori Roti,dish
Served Daily song,not_dish
Extra Cheese several,not_dish
No Onion toward,not_dish
Served Daily candidate,not_dish
Chicken Biryani,dish
Hot goal,not_dish
Taxes Extra finally,not_dish
Hot doctor,not_dish
Paneer Tikka,dish
Paneer Tikka,dish
New Arrival music,not_dish
Serving Size picture,not_dish
Taxes Extra reality,not_dish
Sushi Roll,dish
Served Daily anything,not_dish
Extra Cheese act,not_dish
Taxes Extra bit,not_dish
Lamb Curry,dish
No Onion feel,not_dish
Sushi Roll,dish
New Arrival least,not_dish
Lamb Curry,dish
Spicy who,not_dish
Cold study,not_dish
Combo Offer better,not_dish
Tandoori Roti,dish
Paneer Tikka,dish
Moong Dal Payasam,dish
Chicken Biryani,dish
Sushi Roll,dish
Served Daily firm,not_dish
Paneer Tikka,dish
Fish Fry,dish
Sold Out,not_dish
Taxes Extra easy,not_dish
Combo Offer point,not_dish
Butter Garlic Crab,dish
Cold baby,not_dish
Mutton Korma,dish
Tandoori Roti,dish
Serving Size of,not_dish
Paneer Tikka,dish
Chicken Biryani,dish
Margherita Pizza,dish
Price Varies return,not_dish
Fish Fry,dish
Fish Fry,dish
Dal Makhani,dish
Chef's Special medical,not_dish
Paneer Tikka,dish
Add-ons movement,not_dish
Margherita Pizza,dish
Serving Size wind,not_dish
Chicken Biryani,dish
Fried Chicken Sandwich,dish
Cold perform,not_dish
Served Daily hold,not_dish
Hot agreement,not_dish
Hot nearly,not_dish
Dal Makhani,dish
Tandoori Roti,dish
Extra Cheese sound,not_dish
Add-ons move,not_dish
Sushi Roll,dish
Chef's Special trouble,not_dish
Hot anything,not_dish
Sushi Roll,dish
Paneer Do Pyaza,dish
Spicy particularly,not_dish
No Onion water,not_dish
Paneer Tikka,dish
Taxes Extra quality,not_dish
Lamb Curry,dish
Taxes Extra field,not_dish
Add-ons stuff,not_dish
Hot four,not_dish
Served Daily civil,not_dish
Hot beautiful,not_dish
Chicken Biryani,dish
Pad Thai,dish
New Arrival I,not_dish
Lamb Curry,dish
Spicy situation,not_dish
Butter Chicken,dish
Taxes Extra nice,not_dish
Dal Makhani,dish
Tandoori Roti,dish
Tandoori Roti,dish
Served Daily fast,not_dish
Hot art,not_dish
Taxes Extra marriage,not_dish
New Arrival tough,not_dish
Margherita Pizza,dish
Tandoori Roti,dish
Lamb Curry,dish
Butter Chicken,dish
Cold region,not_dish
Extra Cheese here,not_dish
Tandoori Roti,dish
Hot president,not_dish
Margherita Pizza,dish
Outlet Code,not_dish
Tandoori Roti,dish
Combo Offer follow,not_dish
Paneer Tikka,dish
Margherita Pizza,dish
No Onion I,not_dish
Lamb Curry,dish
Tandoori Roti,dish
Dal Makhani,dish
Add-ons town,not_dish
Under Maintenance,not_dish
Margherita Pizza,dish
Cold sound,not_dish
Chicken Biryani,dish
Margherita Pizza,dish
Add-ons man,not_dish
Served Daily give,not_dish
Served Daily build,not_dish
Add-ons vote,not_dish
Chicken Biryani,dish
Packed Fresh,not_dish
Combo Offer how,not_dish
Tandoori Roti,dish
Fish Fry,dish
Combo Offer walk,not_dish
Spicy black,not_dish
Lamb Curry,dish
Extra Cheese see,not_dish
Spicy voice,not_dish
Mutton Korma,dish
Chef's Special yourself,not_dish
Margherita Pizza,dish
Zunka Bhakri,dish
Serving Size argue,not_dish
Paneer Tikka,dish
fssai,not_dish
Paneer Tikka,dish
Swipe Only,not_dish
Palak Chole,dish
Sushi Roll,dish
Taxes Extra more,not_dish
Lamb Curry,dish
Margherita Pizza,dish
Serving Size hope,not_dish
Served Daily protect,not_dish
Add-ons crime,not_dish
Hot find,not_dish
Chicken Biryani,dish
Price Varies none,not_dish
Butter Chicken,dish
Combo Offer song,not_dish
Cold wide,not_dish
Fish Fry,dish
Mutton Korma,dish
Served Daily week,not_dish
Dal Makhani,dish
Spicy understand,not_dish
Take Home,not_dish
Tandoori Roti,dish
Spicy point,not_dish
Butter Chicken,dish
Butter Chicken,dish
Combo Offer piece,not_dish
Extra Cheese even,not_dish
New Arrival hot,not_dish
Sushi Roll,dish
Mutton Korma,dish
Paneer Tikka,dish
Chicken Biryani,dish
Extra Cheese collection,not_dish
Mutton Korma,dish
Sushi Roll,dish
Combo Offer history,not_dish
Extra Cheese their,not_dish
Chef's Special civil,not_dish
New Arrival energy,not_dish
Fish Fry,dish
Extra Cheese then,not_dish
Tandoori Roti,dish
Served Daily hard,not_dish
Lamb Curry,dish
Chicken Biryani,dish
Extra Cheese individual,not_dish
Served Daily effort,not_dish
Chef's Special morning,not_dish
Served Daily spring,not_dish
Sushi Roll,dish
Offer Ends,not_dish
Hot sister,not_dish
Combo Offer technology,not_dish
No Onion sure,not_dish
Price Varies writer,not_dish
Extra Cheese small,not_dish
Combo Offer theory,not_dish
Margherita Pizza,dish
Butter Chicken,dish
Extra Cheese give,not_dish
No Onion develop,not_dish
Cold better,not_dish
Paneer Tikka,dish
Spicy whose,not_dish
Fish Fry,dish
Butter Chicken,dish
Butter Chicken,dish
Dal Makhani,dish
Tandoori Roti,dish
Paneer Tikka,dish
Dal Makhani,dish
Combo Offer control,not_dish
Serving Size mouth,not_dish
Sushi Roll,dish
Hot care,not_dish
Dal Makhani,dish
Counter Sale,not_dish
Hot imagine,not_dish
Dal Makhani,dish
Fish Fry,dish
Chicken Biryani,dish
Hot fire,not_dish
Fish Fry,dish
Paneer Tikka,dish
Spicy establish,not_dish
Margherita Pizza,dish
Taxes Extra often,not_dish
Hot bank,not_dish
Tandoori Roti,dish
Paneer Tikka,dish
Extra Cheese poor,not_dish
Butter Chicken,dish
Add-ons either,not_dish
Sushi Roll,dish
Butter Chicken,dish
Cold debate,not_dish
Margherita Pizza,dish
Chicken Biryani,dish
Served Daily woman,not_dish
First Floor,not_dish
Sushi Roll,dish
Chef's Special computer,not_dish
Margherita Pizza,dish
Spicy cold,not_dish
Dal Makhani,dish
No Onion sell,not_dish
Margherita Pizza,dish
Serving Size inside,not_dish
Egg Curry Goan,dish
New Arrival the,not_dish
Extra Cheese partner,not_dish
Paneer Tikka,dish
Taxes Extra deep,not_dish
Extra Cheese consider,not_dish
Lamb Curry,dish
Paneer Tikka,dish
Mango Pickle,dish
Sushi Roll,dish
Combo Offer such,not_dish
No Onion Mr,not_dish
Chef's Special after,not_dish
Add-ons short,not_dish
Serving Size they,not_dish
Dal Makhani,dish
Add-ons local,not_dish
Chicken Biryani,dish
Served Daily always,not_dish
Extra Cheese trip,not_dish
Fish Fry,dish
Butter Chicken,dish
Taxes Extra well,not_dish
Butter Chicken,dish
Waiting Area,not_dish
Butter Chicken,dish
Butter Chicken,dish
Margherita Pizza,dish
Paneer Tikka,dish
Chef's Special cell,not_dish
Cold nature,not_dish
Extra Cheese them,not_dish
Add-ons national,not_dish
Tandoori Roti,dish
Price Varies tough,not_dish
Lamb Curry,dish
Spicy man,not_dish
Chicken Biryani,dish
Butter Chicken,dish
Veg Hakka Chowmein,dish
Margherita Pizza,dish
Served Daily none,not_dish
Lamb Curry,dish
Taxes Extra prevent,not_dish
No Onion national,not_dish
Butter Chicken,dish
Butter Chicken,dish
Butter Chicken,dish
Chicken Biryani,dish
Chicken Biryani,dish
Mutton Korma,dish
Hot citizen,not_dish
Dal Makhani,dish
Fish Fry,dish
Serving Size protect,not_dish
Extra Cheese next,not_dish
Lamb Curry,dish
Spicy age,not_dish
Mutton Korma,dish
Served Daily wish,not_dish
Cold thing,not_dish
Cold list,not_dish
Extra Cheese production,not_dish
Combo Offer range,not_dish
Fish Fry,dish
Sushi Roll,dish
Extra Cheese area,not_dish
Mutton Korma,dish
Chicken Biryani,dish
Butter Chicken,dish
Chicken Biryani,dish
Butter Chicken,dish
Chicken Biryani,dish
Hot minute,not_dish
Combo Offer election,not_dish
Fish Fry,dish
Extra Cheese information,not_dish
Sushi Roll,dish
Margherita Pizza,dish
Cold involve,not_dish
Margherita Pizza,dish
Sushi Roll,dish
Spicy team,not_dish
Chef's Special toward,not_dish
Add-ons official,not_dish
Tandoori Roti,dish
Patal Bhaji,dish
Sushi Roll,dish
Mutton Korma,dish
Margherita Pizza,dish
Butter Chicken,dish
Please Wait,not_dish
Add-ons allow,not_dish
Butter Chicken,dish
Chicken Biryani,dish
Paneer Tikka,dish
Butter Chicken,dish
Margherita Pizza,dish
Fish Fry,dish
Cold father,not_dish
Mutton Korma,dish
Butter Chicken,dish
Taxes Extra chair,not_dish
Mutton Korma,dish
Margherita Pizza,dish
Chicken Biryani,dish
Chef's Special almost,not_dish
Butter Chicken,dish
Chicken Biryani,dish
Extra Cheese growth,not_dish
Mutton Korma,dish
Salmon Teriyaki,dish
Dal Makhani,dish
Lamb Curry,dish
Butter Chicken,dish
Served Daily address,not_dish
Combo Offer hair,not_dish
Taxes Extra lead,not_dish
Serving Size address,not_dish
Dal Makhani,dish
Chicken Biryani,dish
Dal Palak,dish
Mutton Korma,dish
Mutton Korma,dish
Lamb Curry,dish
Tandoori Roti,dish
Hot energy,not_dish
No Onion outside,not_dish
Hot job,not_dish
Hot rather,not_dish
Chicken Biryani,dish
Sushi Roll,dish
Hot likely,not_dish
Paneer Tikka,dish
Served Daily one,not_dish
Chicken Biryani,dish
Taxes Extra scientist,not_dish
Spicy management,not_dish
Dal Makhani,dish
Extra Cheese until,not_dish
Combo Offer court,not_dish
Chef's Special base,not_dish
No Onion admit,not_dish
Served Daily for,not_dish
Security,not_dish
Add-ons guess,not_dish
Combo Offer ready,not_dish
Tandoori Roti,dish
Taxes Extra try,not_dish
Hot threat,not_dish
Hot relate,not_dish
Spicy recent,not_dish
No Onion television,not_dish
Taxes Extra area,not_dish
Serving Size scientist,not_dish
Chef's Special institution,not_dish
Tandoori Roti,dish
Lamb Curry,dish
Serving Size ever,not_dish
Mutton Korma,dish
Taxes Extra book,not_dish
Margherita Pizza,dish
Cold various,not_dish
Cold take,not_dish
Taxes Extra wind,not_dish
Paneer Tikka,dish
Serving Size child,not_dish
Spicy recognize,not_dish
Extra Cheese budget,not_dish
Hot factor,not_dish
Extra Cheese culture,not_dish
Fish Fry,dish
Spicy exist,not_dish
New Arrival ground,not_dish
Margherita Pizza,dish
Dal Makhani,dish
Sushi Roll,dish
Tandoori Roti,dish
Extra Cheese weight,not_dish
Paneer Tikka,dish
No Onion think,not_dish
Mutton Korma,dish
Chef's Special plant,not_dish
Butter Chicken,dish
Egg Benedict,dish
Tandoori Roti,dish
Served Daily outside,not_dish
Combo Offer move,not_dish
Chef's Special sister,not_dish
Extra Cheese impact,not_dish
Paneer Tikka,dish
Fish Fry,dish
Lamb Curry,dish
Lamb Curry,dish
Combo Offer building,not_dish
Served Daily mission,not_dish
Paneer Tikka,dish
Lamb Curry,dish
New Arrival industry,not_dish
Spicy energy,not_dish
Chef's Special side,not_dish
Taxes Extra address,not_dish
Cold school,not_dish
Cold concern,not_dish
Taxes Extra development,not_dish
Paneer Tikka,dish
Dal Makhani,dish
Mutton Korma,dish
Spinach Corn Sandwich,dish
Extra Cheese value,not_dish
Margherita Pizza,dish
Serving Size throw,not_dish
Paneer Tikka,dish
Paneer Tikka,dish
Mutton Korma,dish
Sweet Potato Fries,dish
Baked Potato,dish
Inclusive,not_dish
Table Number,not_dish
Paneer Do Pyaza,dish
Chicken Shashlik,dish
Set Menu,not_dish
Fish Tikka,dish
No Reservation,not_dish
Matka Biryani,dish
Chicken Clear Soup,dish
Rice Papad,dish
1234,not_dish
Hara Bhara Kebab,dish
Dal Dhokli,dish
Butter Milk,dish
Chana Masala,dish
Ghee Roast Dosa,dish
Lamb Biryani,dish
Soup,not_dish
Sambar Rice,dish
Achari Paneer,dish
Malpua,dish
Egg Biryani,dish
Deluxe,not_dish
No Change Given,not_dish
Paneer Malai Tikka,dish
Aam Ras,dish
Out for Delivery,not_dish
Veggie Sub,dish
MRP,not_dish
Festival Offer,not_dish
Ladies Night,not_dish
Egg Curry,dish
Edit Order,not_dish
Rewards,not_dish
Beef Stroganoff,dish
Paid Seats,not_dish
Membership,not_dish
Corn Cheese Balls,dish
Doi Maach,dish
Chole Bhature,dish
Soft Drinks,not_dish
Hot,not_dish
Kaju Curry,dish
Try Me,not_dish
Spinach Cannelloni,dish
One by Two,not_dish
Spinach Corn Curry,dish
Desserts,not_dish
Vegetable Enchiladas,dish
Mysore Pak,dish
Egg Chilli,dish
Tomato Rice,dish
Veg Momos,dish
Kheer,dish
Palak Soup,dish
Tuna Melt,dish
Digital Menu,not_dish
Outlet,not_dish
Fish Moilee,dish
Chicken Sizzler,dish
Chicken Kathi Roll,dish
Non-Veg Only,not_dish
Dal Palak,dish
Pumpkin Soup,dish
Chicken Soup,dish
Cornbread,dish
Chingri Malai Curry,dish
Extra Sauce,not_dish
Paya Soup,dish
Show More,not_dish
Hazelnut Torte,dish
Nethili Fry,dish
Pineapple Rasam,dish
Sausage Roll,dish
Chicken Malai Tikka,dish
Non-Veg,not_dish
Cocktail Hour,not_dish
Chatpata Corn,dish
Pre-Service,not_dish
Sweet Corn Soup,dish
E-Coupon,not_dish
Roasted Chicken,dish
Sheer Kurma,dish
--,not_dish
Chicken Caesar Wrap,dish
Rooftop Dining,not_dish
Sambhar Vada,dish
Jhalmuri,dish
Order Confirmed,not_dish
Pickup Slot,not_dish
Sunday Closed,not_dish
Nargisi Kofta,dish
Paneer Bhurji,dish
Paneer Frankie,dish
Chicken Chettinad,dish
Peanut Butter Cookie,dish
Offer Ends,not_dish
Methi Malai Paneer,dish
Paneer Butter Masala,dish
Page 2,not_dish
No Onion No Garlic,not_dish
Dal Tadka,dish
No Entry,not_dish
Thank You,not_dish
Show Less,not_dish
Entry Restricted,not_dish
Prawn Masala,dish
Welcome!,not_dish
Lemon Tart,dish
Best Taste,not_dish
Kala Jamun,dish
Chicken Lollipop,dish
Prawn Masala,dish
Bruschetta,dish
Add-ons,not_dish
Chicken Philly Sandwich,dish
Lamb Rogan Josh,dish
Prawn Koliwada,dish
Salami Pizza,dish
Parsi Sali Boti,dish
Free WiFi,not_dish
Takeaway Only,not_dish
Fried Chicken,dish
Dry Day,not_dish
Focaccia,dish
Bottle Water,not_dish
Table 8,not_dish
Chicken Shawarma,dish
Sol Kadhi,dish
Fruit Custard,dish
Teriyaki Chicken,dish
Chettinad Fish,dish
French Toast,dish
Veg Fried Rice,dish
Mughlai Paratha,dish
Rice Add-on,not_dish
Seats Available,not_dish
Spinach Soup,dish
Under ₹200,not_dish
Order Limit,not_dish
Cottage Pie,dish
Holiday Offer,not_dish
Paneer Lababdar,dish
Chocolate Croissant,dish
Pancakes,dish
Veg Only,not_dish
Open Daily,not_dish
Veg Pulao,dish
Pumpkin Pie,dish
Frankie Roll,dish
Appetizers,not_dish
Full House,not_dish
Under Maintenance,not_dish
Red Velvet Cupcake,dish
Tuna Sandwich,dish
Friend Referral,not_dish
Pav Bhaji,dish
Family Pack,not_dish
Amount Payable,not_dish
Security,not_dish
250g,not_dish
Spring Onion Soup,dish
Vegetable Korma,dish
Home Special,not_dish
Mushroom Risotto,dish
Service Staff,not_dish
Lunch Buffet,not_dish
No Service,not_dish
Kesar Pista Kulfi,dish
Coupon Code,not_dish
A3,not_dish
15% Off,not_dish
Kofta Curry,dish
Green Peas Curry,dish
EMI Offer,not_dish
Fried Squid,dish
Kashmiri Dum Aloo,dish
Order Online,not_dish
Chicken Cafreal,dish
GST 18%,not_dish
BYOB,not_dish
Sabudana Khichdi,dish
Bill Counter,not_dish
Ready to Serve,not_dish
Mushroom Masala,dish
Spinach Ravioli,dish
Margherita Flatbread,dish
Egg Benedict,dish
Zunka Bhakri,dish
Makki di Roti,dish
Chicken Korma,dish
On Request,not_dish
Waiting List,not_dish
Gajar Halwa,dish
Kid Friendly,not_dish
Egg Curry Goan,dish
Combo Offer,not_dish
Tandoori Roti,dish
No Service Tax,not_dish
Batata Vada,dish
Mango Pickle,dish
Closed,not_dish
Above ₹500,not_dish
Khar,dish
Patal Bhaji,dish
Zucchini Bread,dish
In House,not_dish
Cajun Potatoes,dish
Tandoori Veg Platter,dish
Sev Puri,dish
Crab Curry,dish
Add Gravy,not_dish
All Major Cards,not_dish
Malai Kofta,dish
Mutton Keema,dish
Sambar Idli,dish
Change Table,not_dish
Prawn Balchao,dish
Dal Makhani,dish
Egg Curry Masala,dish
Double Ka Meetha,dish
Qty,not_dish
Egg Drop Soup,dish
Take Home,not_dish
Matka Kulfi,dish
Happy Hours,not_dish
Olive Tapenade,dish
Cheesy Nachos,dish
Masala Papad,dish
Kosha Mangsho,dish
Litti Chokha,dish
Phulkopir Roast,dish
Pesarattu,dish
Chicken Pepperoni Pizza,dish
Chef's Note,not_dish
Veg Cutlet,dish
Falafel Wrap,dish
Carrot Cake,dish
Your Queue No. 5,not_dish
Fish Curry,dish
Business Lunch,not_dish
All Prices in INR,not_dish
Lamb Chops,dish
Masala Poori,dish
CLOSED,not_dish
Online Exclusive,not_dish
Margherita Pizza,dish
Cream Mushroom Soup,dish
Tomato Chutney,dish
Shev Bhaji,dish
Tuna Salad,dish
Chilli Chicken,dish
Veg Pesto Pizza,dish
Discount,not_dish
Phone Order,not_dish
Buffalo Wings,dish
Neer Dosa,dish
Sambar Dosa,dish
Crab Cakes,dish
Mango Pudding,dish
Counter Sale,not_dish
Kadhai Mushroom,dish
Goan Fish Curry,dish
Veg Shepherd’s Pie,dish
Bhatura,dish
Egg Florentine,dish
Use Sanitizer,not_dish
Fruit Rabdi,dish
No Outside Food,not_dish
GST extra,not_dish
Kadai Paneer,dish
Brownie with Ice Cream,dish
Best Seller,not_dish
Miso Soup,dish
Shammi Kebab,dish
Patra,dish
Veg Kurma,dish
Papaya Salad,dish
Apple Strudel,dish
Ready for Pickup,not_dish
Lunch Deal,not_dish
Salsa Nachos,dish
Lasooni Palak,dish
Minimum Order,not_dish
Egg Toast,dish
COVER CHARGE,not_dish
Add to cart,not_dish
BBQ Ribs,dish
Pathrode,dish
No Service Charge,not_dish
Eggplant Lasagna,dish
No Parking,not_dish
Special Event,not_dish
Contactless Payment,not_dish
Buffet Timings,not_dish
Table Reserved,not_dish
Peak Hours,not_dish
No Outside Food,not_dish
WiFi Password,not_dish
Happy Hour,not_dish
Open Table,not_dish
Online Payment,not_dish
Order Number,not_dish
Delivery Charges,not_dish
Minimum Order,not_dish
Cash Only,not_dish
Closed for Maintenance,not_dish
No Smoking,not_dish
Reservation Required,not_dish
Allergy Information,not_dish
Menu Code,not_dish
N/A,not_dish
Complimentary Water,not_dish
Customer Care,not_dish
All Major Cards Accepted,not_dish
Order Now,not_dish
Feedback Form,not_dish
Today's Specials,not_dish
No Tips,not_dish
Safety Measures,not_dish
Thank You!,not_dish
QR Code Scan,not_dish
Discount Available,not_dish
Voucher Code,not_dish
Limited Time Offer,not_dish
Staff Only,not_dish
Closed,not_dish
Buy One Get One,not_dish
Service Charge Extra,not_dish
Online Exclusive,not_dish
Explore Menu,not_dish
Holiday Hours,not_dish
New Arrival,not_dish
Waiting Time,not_dish
Pickup Only,not_dish
No Entry,not_dish
No Dine-In,not_dish
Change Table,not_dish
Party Booking,not_dish
Home Delivery,not_dish
Cash Counter,not_dish
Booking Confirmed,not_dish
Limited Stock,not_dish
Table For Two,not_dish
Menu Updated,not_dish
Gift Card Available,not_dish
Reservation Desk,not_dish
Order Confirmed,not_dish
Cashback Offer,not_dish
Please Wait,not_dish
Contact Staff,not_dish
Sanitizer Available,not_dish
Exit This Way,not_dish
Complimentary Dessert,not_dish
Pay Bill Here,not_dish
Kids Play Area,not_dish
No MSG,not_dish
Special Requests,not_dish
Keep Left,not_dish
First Floor,not_dish
Second Floor,not_dish
Emergency Exit,not_dish
No Pets Allowed,not_dish
WiFi Zone,not_dish
Catering Service,not_dish
Reserved Parking,not_dish
Staff Training,not_dish
Monday Closed,not_dish
Sunday Closed,not_dish
Open Daily,not_dish
Safety First,not_dish
Allergen Info,not_dish
Refund Policy,not_dish
No Refund,not_dish
Open Kitchen,not_dish
Waiter Service,not_dish
Counter Sale,not_dish
Free Delivery,not_dish
Menu Specials,not_dish
New Menu,not_dish
Call Waiter,not_dish
Please Wear Mask,not_dish
Hand Wash Station,not_dish
Chef’s Special,not_dish
Vegetarian Options,not_dish
Non Vegetarian Items,not_dish
Gluten Free,not_dish
Dairy Free,not_dish
Sugar Free,not_dish
Low Salt,not_dish
Spicy Level,not_dish
Make It Mild,not_dish
Extra Spices,not_dish
Add Cheese,not_dish
Extra Sauce,not_dish
Sauce On Side,not_dish
Sides Only,not_dish
No Nuts,not_dish
Contains Nuts,not_dish
Drink Menu,not_dish
Bar Menu,not_dish
Cocktail List,not_dish
Happy Hour Drinks,not_dish
Non Alcoholic,not_dish
Alcoholic Drinks,not_dish
Juices,not_dish
Milkshakes,not_dish
Smoothies,not_dish
Desserts,not_dish
Bakery Items,not_dish
We Accept Card,not_dish
Cash Only,not_dish
No Service Charge,not_dish
Tips Not Included,not_dish
All Taxes Included,not_dish
GST Extra,not_dish
Price On Request,not_dish
For Reservation,not_dish
Manager's Special,not_dish
Booking Policy,not_dish
Private Dining,not_dish
Takeaway Available,not_dish
No Delivery Service,not_dish
Minimum Spend,not_dish
Time Limit,not_dish
Table Limit,not_dish
Seat Available,not_dish
No Seating,not_dish
Days Off,not_dish
Temp Closed,not_dish
Opening Soon,not_dish
Happy Customers,not_dish
Customer Feedback,not_dish
Sanitation Certificate,not_dish
Covid Guidelines,not_dish
Wear Mask,not_dish
Maintain Distance,not_dish
Check In,not_dish
Pre Order,not_dish
Contactless Order,not_dish
Scan To Order,not_dish
Scan QR Code,not_dish
Online Booking,not_dish
Reserve Your Table,not_dish
Delivery Time,not_dish
No Cancellation,not_dish
Order Limit,not_dish
Full House,not_dish
Table Number,not_dish
Order Taken,not_dish
Order Ready,not_dish
Food Served,not_dish
Closed For Cleaning,not_dish
Prepaid,not_dish
Cash Refunds Only,not_dish
Promo Code,not_dish
Discount Code,not_dish
Kids Menu,not_dish
Combo Deals,not_dish
Chef's Recommendation,not_dish
Gluten Free Options,not_dish
Vegan Friendly,not_dish
Spicy Options,not_dish
Extra Portion,not_dish
Limited Time Offer,not_dish
Daily Specials,not_dish
Todays Offer,not_dish
Meal Deals,not_dish
Add Ons,not_dish
Extra Cheese,not_dish
No Sugar,not_dish
Low Carb,not_dish
Healthy Choice,not_dish
Local Favorite,not_dish
Best Seller,not_dish
Popular Item,not_dish
Kids Eat Free,not_dish
Early Bird Special,not_dish
Late Night Menu,not_dish
Breakfast Served,not_dish
Lunch Menu,not_dish
Dinner Menu,not_dish
No Split Bill,not_dish
Party Pack,not_dish
Family Pack,not_dish
Single Serving,not_dish
Double Serving,not_dish
Half Portion,not_dish
Full Portion,not_dish
Extra Spicy,not_dish
Mild,not_dish
Medium Spice,not_dish
Hot & Spicy,not_dish
No Chillies,not_dish
Free Refills,not_dish
Table Reservation,not_dish
Call Ahead,not_dish
Walk Ins Welcome,not_dish
Wait Time,not_dish
Today Special,not_dish
Chef Special,not_dish
Menu Changes,not_dish
Seasonal Menu,not_dish
Limited Quantity,not_dish
Out Of Stock,not_dish
Sold Out,not_dish
Closed Today,not_dish
Regular,not_dish
Large Size,not_dish
Small Size,not_dish
Kids Size,not_dish
Sample Size,not_dish
Take Out,not_dish
Pick Up,not_dish
Eat In,not_dish
Delivery,not_dish
Drive Thru,not_dish
Online Exclusive,not_dish
In House Only,not_dish
New Recipe,not_dish
Healthy Option,not_dish
Contains Nuts,not_dish
Contains Gluten,not_dish
Contains Soy,not_dish
Contains Dairy,not_dish
Spicy Level,not_dish
Sugar Free,not_dish
Low Fat,not_dish
Low Calorie,not_dish
Allergen Info,not_dish
Nutrition Facts,not_dish
Calories,not_dish
Fat Content,not_dish
Sugar Content,not_dish
Ingredients,not_dish
Cooking Method,not_dish
Price List,not_dish
Tax Included,not_dish
No Service Charge,not_dish
Open Hours,not_dish
Close Hours,not_dish
Closed For Renovation,not_dish
Limited Time,not_dish
Low Stock,not_dish
Priority Seating,not_dish
Advance Booking,not_dish
Seasonal Offer,not_dish
Weekday Special,not_dish
Weekend Special,not_dish
Lunch Buffet,not_dish
Dinner Buffet,not_dish
Discount Offer,not_dish
Credit Card Accepted,not_dish
Mobile Payment Accepted,not_dish
Cash Reward,not_dish
VIP Customer,not_dish
Member Only,not_dish
Guest Only,not_dish
Performance Night,not_dish
Live Music,not_dish
Kids Zone,not_dish
Photography Allowed,not_dish
No Photography,not_dish
Smoking Area,not_dish
No Smoking Area,not_dish
CCTV Surveillance,not_dish
Security Staff,not_dish
Fire Exit,not_dish
First Aid,not_dish
Customer Service,not_dish
Lost And Found,not_dish
Restrooms,not_dish
Baby Change,not_dish
Wheelchair Access,not_dish
Parking Lot,not_dish
Valet Parking,not_dish
Electric Vehicle Charging,not_dish
Pet Friendly,not_dish
No Pets Allowed,not_dish
Food Allergies,not_dish
Sugar Free Options,dish
Gluten Free Bread,dish
Vegan Salad,dish
Tofu Stir Fry,dish
Quinoa Bowl,dish
Avocado Toast,dish
Cauliflower Wings,dish
Zucchini Noodles,dish
Jackfruit Tacos,dish
Sweet Potato Fries,dish
Grilled Chicken,dish
Butter Chicken,dish
Paneer Tikka,dish
Mutton Rogan Josh,dish
Eggplant Parmesan,dish
Chicken Biryani,dish
Fish Curry,dish
Lamb Chops,dish
Beef Stroganoff,dish
Pasta Carbonara,dish
Margherita Pizza,dish
Veg Fried Rice,dish
Chicken Manchurian,dish
Sausage Roll,dish
Chocolate Mousse,dish
Tiramisu,dish
French Toast,dish
Pancakes,dish
Veg Spring Roll,dish
Buffalo Wings,dish
Caesar Salad,dish
Chicken Shawarma,dish
Falafel Wrap,dish
Greek Salad,dish
Mushroom Risotto,dish
Pesto Pasta,dish
Pulled Pork Sandwich,dish
Ratatouille,dish
Schezwan Noodles,dish
Tomato Soup,dish
Vegetable Enchiladas,dish
Veggie Sub,dish
Bill Enquiry,not_dish
Manager On Duty,not_dish
Staff Shift,not_dish
Chef Out Today,not_dish
Take Away Counter,not_dish
Scan Pay Here,not_dish
Prepayment Needed,not_dish
Membership Offer,not_dish
Staff Meeting,not_dish
No Door Delivery,not_dish
Last Order Time,not_dish
Discounted Bill,not_dish
Scan & Pay,not_dish
Online Booking Only,not_dish
No Minimum,not_dish
Standing Orders,not_dish
Advance Order,not_dish
No Fast Food,not_dish
Kids Welcome,not_dish
Halal Certification,not_dish
Ladies Only,not_dish
Happy Weekend,not_dish
No Weekday Buffet,not_dish
Dine Out,not_dish
Buffet Available,not_dish
Family Section,not_dish
Loyalty Program,not_dish
Points Earned,not_dish
Redeem Points,not_dish
Takeout Only,not_dish
Phone Booking,not_dish
Contact Number,not_dish
Scan QR Menu,not_dish
No Wifi Today,not_dish
Customer Support,not_dish
Senior Citizen Discount,not_dish
Staff Masked,not_dish
Temperature Checked,not_dish
Use Tongs,not_dish
No BYOB,not_dish
Valet Only,not_dish
Restricted Area,not_dish
Next Day Delivery,not_dish
Safe Dining,not_dish
Employee Discount,not_dish
Hygiene Charging,not_dish
Paytm Only,not_dish
No Advance,not_dish
No COD,not_dish
Online Only,not_dish
Mask Essential,not_dish
Board Outside,not_dish
Lunch Closed,not_dish
No Carrybag,not_dish
Waiting Token,not_dish
Feedback Kiosk,not_dish
Replacement,not_dish
No Coin Change,not_dish
No Nep,not_dish
QR Verification,not_dish
Check-Out,not_dish
Review Online,not_dish
Bill Dispute,not_dish
Dining Limit,not_dish
Hot Selling,not_dish
New Staff,not_dish
Pay Bill Inside,not_dish
Token Number,not_dish
Contact Manager,not_dish
Stand Here,not_dish
Queuing System,not_dish
Lunch Hours,not_dish
Front Desk,not_dish
Noise Policy,not_dish
Bar License,not_dish
Suggest Edits,not_dish
Wine Card,not_dish
New Membership,not_dish
Staff Lounge,not_dish
With Taxes,not_dish
Cash Back,not_dish
Entry Only,not_dish
Wait Out,not_dish
Garden Seating,not_dish
Check Menu Online,not_dish
Weekly Special,not_dish
Senior Citizen Entry,not_dish
Online Deals,not_dish
Weekend Buffet,not_dish
Top Seller,not_dish
Not Redeemable,not_dish
Enquiry Only,not_dish
Service In Progress,not_dish
Double Discount,not_dish
Ask Waiter,not_dish
Service Feedback,not_dish
Wait for Staff,not_dish
All Day Menu,not_dish
Bar Snack Menu,not_dish
Today Only,not_dish
Unique Code,not_dish
Full Payment,not_dish
App Order Only,not_dish
Wallet Payment,not_dish
No Bulk Order,not_dish
Credit Offer,not_dish
Table Available,not_dish
Online Offers,not_dish
Order Completed,not_dish
Pay At Table,not_dish
No Direct Call,not_dish
Only Dining,not_dish
First Order,not_dish
Refer Friend,not_dish
Chef Absent,not_dish
Starred Items,not_dish
Barcode Scan,not_dish
Customer Help,not_dish
Bill Printing,not_dish
Total Amount,not_dish
Contact Card,not_dish
All Bills Final,not_dish
Staff Available,not_dish
Entry on Right,not_dish
Latest Promotions,not_dish
No Standing,not_dish
Last Call,not_dish
Enjoy Offer,not_dish
Locker Facility,not_dish
Pre-launch Offer,not_dish
Download App,not_dish
Scan For Invoice,not_dish
All Vegan,not_dish
Charity Added,not_dish
No Return Policy,not_dish
No Refunds,not_dish
Hassle Free,not_dish
Offer Limited,not_dish
Offer Claimed,not_dish
New Arrival Today,not_dish
Waiting Box,not_dish
VIP Zone,not_dish
Guest Entry,not_dish
Show QR Code,not_dish
Fast Check-in,not_dish
Member Discount,not_dish
COVID-19 Policy,not_dish
On Request Only,not_dish
Closed Next Week,not_dish
Chef’s Pick,not_dish
Seasonal Rate,not_dish
Delivery Out,not_dish
Buzzer Waiting,not_dish
e-Menu,not_dish
Choose Spiciness,not_dish
Group Booking,not_dish
Online Code,not_dish
Multi Cuisine,not_dish
Check-in Here,not_dish
Volume Discount,not_dish
Express Lane,not_dish
Club Exclusive,not_dish
Special Policy,not_dish
All Night Menu,not_dish
Kids Only,not_dish
Party Night,not_dish
First-Come Only,not_dish
Buffet Closed,not_dish
Bill Dispute Desk,not_dish
Help Desk,not_dish
Sandwich of the Day,dish
Shahi Paneer,dish
Gongura Chicken,dish
Banana Smoothie,dish
Rava Upma,dish
Veg Kurkure,dish
Khichda,dish
Lotus Stem Curry,dish
Okra Fries,dish
Egg Pulao,dish
Aloo Baingan,dish
Palak Patta Chaat,dish
Peas Pulao,dish
Mutton Biryani,dish
Paneer Jalfrezi,dish
Fish Amritsari,dish
Chilli Gobi,dish
Tandoori Soya Chaap,dish
Soyabean Curry,dish
Chicken Ghee Roast,dish
Chicken Sukka,dish
Fried Catfish,dish
Chicken Kolhapuri,dish
Chicken Tikka Masala,dish
Hyderabadi Dum Biryani,dish
Dal Baati,dish
Murg Adraki,dish
Paneer Paratha,dish
Egg Toast Sandwich,dish
Shrimp Curry,dish
Stuffed Capsicum,dish
Tomato Basil Soup,dish
Bhindi Do Pyaza,dish
Cabbage Pakora,dish
Aloo Paratha,dish
Vegetable Jalfrezi,dish
Mixed Veg Curry,dish
Kashmiri Pulao,dish
Dal Panchmel,dish
Chicken Soup,dish
Gajar Ka Halwa,dish
Apple Rabdi,dish
Kesar Badam Milk,dish
Paneer Shashlik,dish
Veg Kofta Curry,dish
Tinda Masala,dish
Moong Dal Halwa,dish
Keema Mutter,dish
Seekh Kebab,dish
Fish Curry Andhra,dish
Masoor Dal,dish
Veg Handi,dish
Bhindi Kurkure,dish
Karela Chips,dish
Arbi Curry,dish
Sweet Corn Dosa,dish
Meetha Pulao,dish
Choco Pie,dish
Veggie Quiche,dish
Mango Kulfi,dish
Paya Nihari,dish
Dahi Kabab,dish
Tom Yum Soup,dish
Lauki Kofta,dish
Pav Sandwich,dish
Lemon Chicken,dish
Dal Lebabdar,dish
Dum Gobi,dish
Vegetable Chop,dish
Green Curry Chicken,dish
Peri Peri Fries,dish
Sabzi Wale Noodles,dish
Chicken Do Pyaaza,dish
Kasuri Methi Naan,dish
Creamy Spinach,dish
Shorshe Bata Maach,dish
Order In Progress,not_dish
Bill Counter Closed,not_dish
No Replacement,not_dish
Staff Not Available,not_dish
Temporary Halt,not_dish
Special Seating,not_dish
Pre-Booked Table,not_dish
VIP Walk-in,not_dish
No Free Water,not_dish
Reusable Cutlery,not_dish
Ask for Mask,not_dish
Sanitized Table,not_dish
E-Receipt,not_dish
Manager Available,not_dish
Invited Guests Only,not_dish
Left Entrance,not_dish
No Hand Cash,not_dish
After Party,not_dish
Uplift Offer,not_dish
Buffet Reservation Required,not_dish
Join Waiting,not_dish
Membership Required,not_dish
Time Extension,not_dish
Separate Bill,not_dish
Bundle Offer,not_dish
Season’s Special,not_dish
Chef in Charge,not_dish
Happy Booking,not_dish
Free Mask,not_dish
Waiting Slip,not_dish
Bill Due,not_dish
Packing Extra,not_dish
No Queue Jump,not_dish
Priority Member,not_dish
Service Desk,not_dish
Lunch Available,not_dish
Dinner Closed,not_dish
Snacks Ready,not_dish
Room Service,not_dish
Banquet Open,not_dish
Events Booking,not_dish
Card Not Accepted,not_dish
Break Time,not_dish
Re-Order,not_dish
Upcoming Events,not_dish
Group Offer,not_dish
Please Queue,not_dish
VIP Sale,not_dish
Current Bill,not_dish
Parcel Order,not_dish
Late Night,not_dish
Check Pricing,not_dish
No Fixtures,not_dish
Valid Only Today,not_dish
Whatsapp Orders,not_dish
Additional Bill,not_dish
Restricted Booking,not_dish
Non-Transferable,not_dish
No Delivery,not_dish
Point Redemption,not_dish
Online Only Deal,not_dish
No Entry After 10pm,not_dish
Collect Coupon,not_dish
Collection Only,not_dish
Packed Order,not_dish
Express Pickup,not_dish
Service Token,not_dish
Price Check,not_dish
Ask for Changes,not_dish
App Download,not_dish
Safety Mark,not_dish
No Freebies,not_dish
Request Only,not_dish
No Stag,not_dish
Venue Rules,not_dish
Minimum Age,not_dish
Re-entry,not_dish
All Tables Reserved,not_dish
Contact for Enquiry,not_dish
Advance Required,not_dish
Contact on Duty,not_dish
Food Ready,not_dish
No Contact,not_dish
Hand Wash Only,not_dish
Don’t Disturb,not_dish
Order at Counter,not_dish
Show Offer,not_dish
Prepaid Bill,not_dish
Main Door,not_dish
Food Coupons Accepted,not_dish
Mobile Orders,not_dish
Review at Counter,not_dish
Minors Not Allowed,not_dish
Ask Waitress,not_dish
Self Service,not_dish
Fixed Menu,not_dish
No Exchange,not_dish
QR Table Number,not_dish
Manager’s Approval,not_dish
Replacement Policy,not_dish
Holiday Booking,not_dish
Reservation Open,not_dish
Order Confirm,not_dish
Extra Table,not_dish
Redemption Only,not_dish
Offer Ended,not_dish
Coffee Complimentary,not_dish
Service Till 11pm,not_dish
Early Closing,not_dish
Offline Only,not_dish
Limited Reservation,not_dish
Entry Pass,not_dish
ID Required,not_dish
Take Token,not_dish
Entry Marking,not_dish
Call Reception,not_dish
No Refill,not_dish
Timings Extended,not_dish
Online Bill Only,not_dish
Please Show SMS,not_dish
Cleaning Break,not_dish
Busy Hour,not_dish
Use Queue,not_dish
Change Available,not_dish
Accepts UPI,not_dish
Refer for Benefits,not_dish
Offer Expired,not_dish
Payment Only,not_dish
Offer Valid,not_dish
No Standing Area,not_dish
See Manager,not_dish
Kids Area,not_dish
Staff Notice,not_dish
Guest Notice,not_dish
No Walk-in,not_dish
Form Fill,not_dish
Seat Yourself,not_dish
COVID Testing,not_dish
Door Open,not_dish
Food Not Included,not_dish
Service Date,not_dish
Mandatory Mask,not_dish
Seasonal Surcharge,not_dish
Lunch Nearing End,not_dish
No Noise,not_dish
Team Event,not_dish
For Delivery,not_dish
Order Deadline,not_dish
Discount Valid,not_dish
No Service Call,not_dish
Please Wait Outside,not_dish
Join Table,not_dish
Next In Line,not_dish
Keep Silence,not_dish
Special Voucher,not_dish
Prompt Service,not_dish
Personalized Menu,not_dish
Heads Up,not_dish
Self Checkout,not_dish
Bar Only,not_dish
Requires App,not_dish
Collect from Kitchen,not_dish
Payment Due,not_dish
Partner Restaurant,not_dish
Not for Walk-in,not_dish
Special Service,not_dish
Book Again,not_dish
Offer for Members,not_dish
Limited Guest,not_dish
Late Fee,not_dish
Same Day Order,not_dish
Waiting Card,not_dish
Social Distancing,not_dish
Distribution Only,not_dish
Don’t Enter,not_dish
Security Check,not_dish
Collection Desk,not_dish
Exchange Not Accepted,not_dish
Contact Desk,not_dish
All Inclusive,not_dish
Guest Welcome,not_dish
ID Proof Required,not_dish
No Smoking Section,not_dish
Return Policy,not_dish
Booking Token,not_dish
Park Here,not_dish
Sanitized Entry,not_dish
Payments Upfront,not_dish
House Rules,not_dish
Pre-Book Only,not_dish
Refund Claims,not_dish
Staff Meeting Room,not_dish
Event On Today,not_dish
This Side Up,not_dish
Offer per Table,not_dish
Waiting Ends,not_dish
Ask Chef,not_dish
Reserve Ahead,not_dish
Staff Entry Only,not_dish
No Seat,not_dish
Breakfast till 10,not_dish
Anniversary Offer,not_dish
Upgrade Available,not_dish
Last Bill,not_dish
Collect Here,not_dish
VIP Entry,not_dish
Discounted Price,not_dish
Vegetarian Mark,not_dish
Offer Finished,not_dish
Kitchen in Use,not_dish
Snack Menu,not_dish
Dine Out Only,not_dish
Accepting Orders,not_dish
Ticket Holder,not_dish
Guest Host,not_dish
Offer Details,not_dish
Special Order,not_dish
Physical Tokens,not_dish
More on App,not_dish
Table Lock,not_dish
Service Date Only,not_dish
Also Try,not_dish
Window Side,not_dish
ID Scan,not_dish
Digital Approval,not_dish
Event Day,not_dish
Midnight Special,not_dish
No Donations,not_dish
Service Surcharge,not_dish
Keep Entry,not_dish
Holiday Event,not_dish
Bill On Table,not_dish
Recheck Bill,not_dish
Card Entry Only,not_dish
By Reservation,not_dish
No Cheque,not_dish
Valid Coupon,not_dish
Early Bird,not_dish
Late Night Event,not_dish
User Notice,not_dish
Allotment Slip,not_dish
Time Allotted,not_dish
Show Staff,not_dish
Freedom from Delivery,not_dish
Parcel Pickup,not_dish
Enquire here,not_dish
No Plate Charge,not_dish
Collect Meal,not_dish
Brunch Booking,not_dish
Relocate Table,not_dish
Scan Entry,not_dish
No App Orders,not_dish
Time Restricted,not_dish
Food Festival,not_dish
Bill on Hold,not_dish
Show Payment,not_dish
Bar Side Only,not_dish
Please Stand,not_dish
Check Offer,not_dish
Limited Menu,not_dish
Flat 50% Off,not_dish
No Offer,not_dish
Coupons End Soon,not_dish
Live Bar,not_dish
Limited Seating,not_dish
Scan Meal,not_dish
Bill Generation,not_dish
Spot Payment,not_dish
In-House Bar,not_dish
Designated Area,not_dish
Please Collect Order,not_dish
Entry After 6pm,not_dish
Emergency Contact,not_dish
Promo Offer,not_dish
House Packed,not_dish
Token Issue,not_dish
Re-serve,not_dish
Meal Included,not_dish
For App Users,not_dish
Weekend Sale,not_dish
Online Unavailable,not_dish
Quick Entry,not_dish
All Allotted,not_dish
Entry Scan,not_dish
Kitchen On,not_dish
Backdoor Entry,not_dish
Use Sanitized Cutlery,not_dish
Chef’s Recommendation,not_dish
Janitor On Duty,not_dish
Corner Table,not_dish
Tested Staff,not_dish
Contact for Details,not_dish
Savory Waffle,dish
Thai Green Curry,dish
Veg Fajita,dish
Chicken Seekh Roll,dish
Baked Eggplant,dish
Lamb Pepper Fry,dish
Paneer Methi Malai,dish
Ghiya Kofta,dish
Sabji Handi,dish
Methi Mutter Malai,dish
Butter Garlic Fish,dish
Corn Palak,dish
Methi Puri,dish
Paneer Lifafa,dish
Beetroot Cutlets,dish
Aloo Chaat,dish
Baida Roti,dish
Bharwan Tinda,dish
Crispy Lotus Root,dish
Gobi Paratha,dish
Veg Dim Sum,dish
Lehsuni Palak,dish
Cranberry Salad,dish
Tandoori Pineapple,dish
Chicken Tangdi Kebab,dish
Kaju Katli,dish
Baked Rasgulla,dish
Aloo Posto,dish
Mocha Brownie,dish
Papdi Dhokla,dish
Punjabi Chole,dish
Spinach Shorba,dish
Quinoa Salad,dish
Kofta Nargisi,dish
Green Peas Pulao,dish
Paneer Lasagna,dish
Tawa Chicken,dish
Pachadi,dish
Sabzi Panchmel,dish
Steamed Wontons,dish
Avial,dish
Litti Chokha,dish
Kharabath,dish
Banana Chips,dish
Mathri,dish
Besan Ladoo,dish
Raw Mango Salad,dish
Egg Curry Bun,dish
Kasuri Paneer,dish
Tandoori Raan,dish
Chilli Tofu,dish
Chicken Cacciatore,dish
Pumpkin Curry,dish
Jackfruit Curry,dish
Aloo Jeera,dish
Tulsi Tea,dish
Elaneer Payasam,dish
Kathi Kebab,dish
Pesarattu Dosa,dish
Honey Chilli Potato,dish
Chicken Saagwala,dish
Palak Corn,dish
Chicken Meatballs,dish
Murg Tikka,dish
Imli Rice,dish
Kathi Fish Roll,dish
Nariyal Ladoo,dish
Sattu Paratha,dish
Chingri Bhapa,dish
Methi Chicken,dish
Tomato Uttapam,dish
Kadala Curry,dish
Black Dal,dish
Aloo Tamatar,dish
Rajma Masala,dish
Lehsuni Naan,dish
Masala Idli,dish
Chicken Aparna,dish
Paneer Idli,dish
Mint Raita,dish
Dum Arbi,dish
Tindora Fry,dish
Malai Chicken,dish
Chilli Cheese Toast,dish
Rava Toast,dish
Ginger Chaap,dish
Arhar Dal,dish
Lucknowi Biryani,dish
Potato Dauphinoise,dish
Carrot Halwa,dish
Mushroom Cafreal,dish
Banana Appam,dish
Veg Soyabean Curry,dish
Oats Dosa,dish
Lime Rasam,dish
Baked Apple Pie,dish
Apple Halwa,dish
Egg Masala,dish
Veg Singapore Noodles,dish
Tinda Stuffed,dish
Kasoori Chicken,dish
Zarda Pulao,dish
Fish Paturi,dish
Capsicum Rice,dish
Sindhi Kadhi,dish
Dhokla Chaat,dish
Colocasia Curry,dish
Lemon Fish,dish
Dahi Puri,dish
Paneer Butter Kulcha,dish
Palak Chana,dish
Paneer Tikka Masala,dish
Palak Mushroom,dish
Tawa Sabzi,dish
Tinda Curry,dish
Chicken Pops,dish
Creamy Butter Paneer,dish
Jalapeno Rice,dish
Sambar Wada,dish
Kesari Bhath,dish
Green Bean Poriyal,dish
Aloo Palak,dish
Eggplant Rollatini,dish
Menu,not_dish
Starters,not_dish
Appetizers,not_dish
Salads,not_dish
Soups,not_dish
Main Course,not_dish
Entrées,not_dish
Rice & Breads,not_dish
Desserts,not_dish
Drinks,not_dish
Beverages,not_dish
Soft Drinks,not_dish
Alcoholic Beverages,not_dish
Cocktails,not_dish
Mocktails,not_dish
Shakes,not_dish
Juices,not_dish
Fresh Juice,not_dish
Smoothies,not_dish
Sundaes,not_dish
Ice Cream,not_dish
Toppings,not_dish
Side Orders,not_dish
Extras,not_dish
Add-ons,not_dish
Veg,not_dish
Non-Veg,not_dish
Jain,not_dish
Gluten Free,not_dish
Vegan,not_dish
Dairy Free,not_dish
Eggless,not_dish
Spicy,not_dish
Mild,not_dish
Kids Menu,not_dish
Family Pack,not_dish
Combo,not_dish
Meal Deal,not_dish
Specials,not_dish
Seasonal Special,not_dish
Chef's Special,not_dish
Daily Special,not_dish
New Arrivals,not_dish
Buffet,not_dish
Lunch Buffet,not_dish
Dinner Buffet,not_dish
Brunch,not_dish
Set Menu,not_dish
Tasting Menu,not_dish
All Day Menu,not_dish
Breakfast,not_dish
Lunch,not_dish
Dinner,not_dish
Confectionery,not_dish
Grills,not_dish
Bar,not_dish
Fresh From The Oven,not_dish
Special Requests,not_dish
Recommended,not_dish
Editor's Choice,not_dish
Healthy Options,not_dish
Low Calorie,not_dish
Low Fat,not_dish
Sugar Free,not_dish
Allergen Info,not_dish
Contains Nuts,not_dish
Contains Dairy,not_dish
Contains Egg,not_dish
Contains Gluten,not_dish
Light,not_dish
Large,not_dish
Small,not_dish
Regular,not_dish
Medium,not_dish
Single,not_dish
Double,not_dish
Half,not_dish
Full,not_dish
Mini,not_dish
Family Size,not_dish
Jumbo,not_dish
Kids,not_dish
Adults,not_dish
Sharing Portion,not_dish
Individual,not_dish
Sharing Platter,not_dish
Regular Portion,not_dish
Party Pack,not_dish
Festival Special,not_dish
Celebration Menu,not_dish
Seasonal,not_dish
Chef Recommendation,not_dish
Manager’s Special,not_dish
Signature,not_dish
Classic,not_dish
Premium,not_dish
Exclusive,not_dish
Best Seller,not_dish
Popular Choice,not_dish
Must Try,not_dish
Try Me,not_dish
Quick Bites,not_dish
From The Grill,not_dish
On The Rocks,not_dish
House Special,not_dish
Street Food,not_dish
Home Style,not_dish
Traditional,not_dish
Fusion,not_dish
Continental,not_dish
Chinese,not_dish
Italian,not_dish
Indian,not_dish
South Indian,not_dish
North Indian,not_dish
Asian,not_dish
Oriental,not_dish
Mexican,not_dish
Mediterranean,not_dish
Western,not_dish
Eastern,not_dish
Regional Favourites,not_dish
Local Favourites,not_dish
Signature Dish,not_dish
Chef’s Pick,not_dish
Guest Favourites,not_dish
All Time Favourite,not_dish
Lunch Specials,not_dish
Dinner Specials,not_dish
Today's Special,not_dish
Classic Favourites,not_dish
Salad Bar,not_dish
Soup Station,not_dish
Dessert Bar,not_dish
Coffee Bar,not_dish
Live Counter,not_dish
Live Grill,not_dish
Live Station,not_dish
Freshly Baked,not_dish
Just Arrived,not_dish
For Sharing,not_dish
To Share,not_dish
Bestsellers,not_dish
Trending,not_dish
Editor’s Choice,not_dish
Sides,not_dish
Dips,not_dish
Sauces,not_dish
Chutneys,not_dish
Combo Offer,not_dish
Value Meal,not_dish
Meal Combos,not_dish
On The Go,not_dish
Express Menu,not_dish
Express Lunch,not_dish
Happy Hour Menu,not_dish
Limited Edition,not_dish
Introductory Offer,not_dish
Launching Soon,not_dish
Coming Soon,not_dish
Bucket,not_dish
Platter,not_dish
Samplers,not_dish
Sample Menu,not_dish
Open Kitchen,not_dish
Kids Party,not_dish
Kids Section,not_dish
Party Menu,not_dish
Banquet Menu,not_dish
Banquet Options,not_dish
Corporate Menu,not_dish
Corporate Orders,not_dish
Catering,not_dish
Group Booking,not_dish
Event Specials,not_dish
Takeaway Menu,not_dish
Delivery Menu,not_dish
Dine-In Menu,not_dish
Outdoor Seating,not_dish
Table Service,not_dish
Counter Service,not_dish
Couch Section,not_dish
Bar Counter,not_dish
Rooftop Section,not_dish
Garden Seating,not_dish
Private Dining,not_dish
Family Room,not_dish
Conference Room,not_dish
Reservation Only,not_dish
Open Seating,not_dish
Waiting Area,not_dish
Dining Hall,not_dish
Lounge,not_dish
Takeout,not_dish
Home Delivery,not_dish
Express Delivery,not_dish
Minimum Order,not_dish
Surprise Selection,not_dish
Weekend Special,not_dish
Weekday Lunch,not_dish
Midnight Buffet,not_dish
Lunchbox,not_dish
Chef Table,not_dish
Main Table,not_dish
Candle Light,not_dish
Mini Meals,not_dish
Tiffin,not_dish
Express Dinner,not_dish
Fast Lunch,not_dish
Fast Track,not_dish
Priority,not_dish
Speciality,not_dish
Select Only,not_dish
Gourmet,not_dish
Made to Order,not_dish
Order Ahead,not_dish
Veg Only,not_dish
Egg,not_dish
Non-Veg Only,not_dish
Veg Mark,not_dish
Green Dot,not_dish
Red Dot,not_dish
Brown Dot,not_dish
Contains Alcohol,not_dish
No Alcohol,not_dish
Bar Snacks,not_dish
Wine Bar,not_dish
Dessert Cart,not_dish
Pastry Corner,not_dish
Classic Menu,not_dish
Standard Menu,not_dish
Detailed Menu,not_dish
Quick Menu,not_dish
Table d'hôte,not_dish
Limited Menu,not_dish
Full Menu,not_dish
Allergens,not_dish
Vegan Mark,not_dish
Vegetarian Mark,not_dish
Kids Friendly,not_dish
Spicy Mark,not_dish
Mild Mark,not_dish
Nut Allergy,not_dish
Shellfish Allergy,not_dish
Contains Peanuts,not_dish
No Peanuts,not_dish
Contains Soy,not_dish
No Soy,not_dish
Lactose Free,not_dish
Nut Free,not_dish
Shellfish Free,not_dish
Peanut Free,not_dish
Spice Level,not_dish
Less Oil,not_dish
With Butter,not_dish
No Butter,not_dish
Contains Wheat,not_dish
Sugar Added,not_dish
Seasonal Vegetables,not_dish
Chef Choice,not_dish
All Day Dining,not_dish
Multi Cuisine,not_dish
Single Cuisine,not_dish
Exclusive Selection,not_dish
Cuisines,not_dish
Pan Indian,not_dish
Fusion Cuisine,not_dish
Regional,not_dish
Ethnic,not_dish
Traditional Cuisine,not_dish
Classic Cuisine,not_dish
Global Cuisine,not_dish
text,label
Menu,not_dish
Starters,not_dish
Appetizers,not_dish
Salads,not_dish
Soups,not_dish
Main Course,not_dish
Entrées,not_dish
Desserts,not_dish
Drinks,not_dish
Beverages,not_dish
Alcoholic Beverages,not_dish
Cocktails,not_dish
Mocktails,not_dish
Shakes,not_dish
Juices,not_dish
Smoothies,not_dish
Sundaes,not_dish
Ice Cream,not_dish
Toppings,not_dish
Sides,not_dish
Extras,not_dish
Add-ons,not_dish
Veg,not_dish
Non-Veg,not_dish
Jain,not_dish
Vegan,not_dish
Gluten Free,not_dish
Dairy Free,not_dish
Eggless,not_dish
Spicy,not_dish
Mild,not_dish
Chef's Special,not_dish
Today's Special,not_dish
Seasonal Special,not_dish
Buffet,not_dish
Lunch Buffet,not_dish
Dinner Buffet,not_dish
Brunch,not_dish
Set Menu,not_dish
Tasting Menu,not_dish
All Day Menu,not_dish
Breakfast,not_dish
Lunch,not_dish
Dinner,not_dish
Snacks,not_dish
Bakery,not_dish
Pastries,not_dish
Platter,not_dish
Combo,not_dish
Combo Offer,not_dish
Value Meal,not_dish
Meal Deal,not_dish
Kids Menu,not_dish
Family Pack,not_dish
Party Pack,not_dish
Specials,not_dish
Signature,not_dish
Best Seller,not_dish
Recommended,not_dish
Popular Choice,not_dish
Low Calorie,not_dish
Low Fat,not_dish
Sugar Free,not_dish
Healthy Options,not_dish
Allergen Info,not_dish
Contains Nuts,not_dish
Contains Dairy,not_dish
Contains Gluten,not_dish
Contains Egg,not_dish
Nut Allergy,not_dish
Shellfish Allergy,not_dish
Vegetarian Mark,not_dish
Non-Vegetarian Mark,not_dish
Green Dot,not_dish
Brown Dot,not_dish
Price List,not_dish
MRP,not_dish
Taxes Extra,not_dish
GST Extra,not_dish
Tax Included,not_dish
Service Charge,not_dish
No Service Charge,not_dish
Discount,not_dish
Offer,not_dish
Promo Code,not_dish
Coupon Code,not_dish
Bill Details,not_dish
Amount Payable,not_dish
No Outside Food,not_dish
Delivery Menu,not_dish
Takeaway Menu,not_dish
Minimum Order,not_dish
Maximum Order,not_dish
Open Daily,not_dish
Sunday Closed,not_dish
Monday Closed,not_dish
Reservation Only,not_dish
By Reservation,not_dish
Table Number,not_dish
Table Reserved,not_dish
Waiting Area,not_dish
Dine-In Only,not_dish
Takeaway Only,not_dish
Home Delivery,not_dish
Express Delivery,not_dish
Order Online,not_dish
Contactless Payment,not_dish
Online Exclusive,not_dish
Happy Hours,not_dish
Last Order,not_dish
Opening Hours,not_dish
Closing Hours,not_dish
Open Now,not_dish
Closed,not_dish
Restrooms,not_dish
Valet Parking,not_dish
Free WiFi,not_dish
Manager,not_dish
Service Staff,not_dish
Chef’s Note,not_dish
Special Instructions,not_dish
No Dine-In,not_dish
No Smoking,not_dish
No Pets Allowed,not_dish
CCTV Surveillance,not_dish
text,label
Menu,not_dish
Starters,not_dish
Appetizers,not_dish
Salads,not_dish
Soups,not_dish
Main Course,not_dish
Entrées,not_dish
Desserts,not_dish
Drinks,not_dish
Beverages,not_dish
Alcoholic Beverages,not_dish
Cocktails,not_dish
Mocktails,not_dish
Shakes,not_dish
Juices,not_dish
Smoothies,not_dish
Sundaes,not_dish
Ice Cream,not_dish
Toppings,not_dish
Sides,not_dish
Extras,not_dish
Add-ons,not_dish
Veg,not_dish
Non-Veg,not_dish
Jain,not_dish
Vegan,not_dish
Gluten Free,not_dish
Dairy Free,not_dish
Eggless,not_dish
Spicy,not_dish
Mild,not_dish
Chef's Special,not_dish
Today's Special,not_dish
Seasonal Special,not_dish
Buffet,not_dish
Lunch Buffet,not_dish
Dinner Buffet,not_dish
Brunch,not_dish
Set Menu,not_dish
Tasting Menu,not_dish
All Day Menu,not_dish
Breakfast,not_dish
Lunch,not_dish
Dinner,not_dish
Snacks,not_dish
Bakery,not_dish
Pastries,not_dish
Platter,not_dish
Combo,not_dish
Combo Offer,not_dish
Value Meal,not_dish
Meal Deal,not_dish
Kids Menu,not_dish
Family Pack,not_dish
Party Pack,not_dish
Specials,not_dish
Signature,not_dish
Best Seller,not_dish
Recommended,not_dish
Popular Choice,not_dish
Low Calorie,not_dish
Low Fat,not_dish
Sugar Free,not_dish
Healthy Options,not_dish
Allergen Info,not_dish
Contains Nuts,not_dish
Contains Dairy,not_dish
Contains Gluten,not_dish
Contains Egg,not_dish
Nut Allergy,not_dish
Shellfish Allergy,not_dish
Vegetarian Mark,not_dish
Non-Vegetarian Mark,not_dish
Green Dot,not_dish
Brown Dot,not_dish
Price List,not_dish
MRP,not_dish
Taxes Extra,not_dish
GST Extra,not_dish
Tax Included,not_dish
Service Charge,not_dish
No Service Charge,not_dish
Discount,not_dish
Offer,not_dish
Promo Code,not_dish
Coupon Code,not_dish
Bill Details,not_dish
Amount Payable,not_dish
No Outside Food,not_dish
Delivery Menu,not_dish
Takeaway Menu,not_dish
Minimum Order,not_dish
Maximum Order,not_dish
Open Daily,not_dish
Sunday Closed,not_dish
Monday Closed,not_dish
Reservation Only,not_dish
By Reservation,not_dish
Table Number,not_dish
Table Reserved,not_dish
Waiting Area,not_dish
Dine-In Only,not_dish
Takeaway Only,not_dish
Home Delivery,not_dish
Express Delivery,not_dish
Order Online,not_dish
Contactless Payment,not_dish
Online Exclusive,not_dish
Happy Hours,not_dish
Last Order,not_dish
Opening Hours,not_dish
Closing Hours,not_dish
Open Now,not_dish
Closed,not_dish
Restrooms,not_dish
Valet Parking,not_dish
Free WiFi,not_dish
Manager,not_dish
Service Staff,not_dish
Chef’s Note,not_dish
Special Instructions,not_dish
No Dine-In,not_dish
No Smoking,not_dish
No Pets Allowed,not_dish
CCTV Surveillance,not_dish
text,label
Menu,not_dish
Starters,not_dish
Appetizers,not_dish
Salads,not_dish
Soups,not_dish
Main Course,not_dish
Entrées,not_dish
Desserts,not_dish
Drinks,not_dish
Beverages,not_dish
Alcoholic Beverages,not_dish
Cocktails,not_dish
Mocktails,not_dish
Shakes,not_dish
Juices,not_dish
Smoothies,not_dish
Sundaes,not_dish
Ice Cream,not_dish
Toppings,not_dish
Sides,not_dish
Extras,not_dish
Add-ons,not_dish
Veg,not_dish
Non-Veg,not_dish
Jain,not_dish
Vegan,not_dish
Gluten Free,not_dish
Dairy Free,not_dish
Eggless,not_dish
Spicy,not_dish
Mild,not_dish
Chef's Special,not_dish
Today's Special,not_dish
Seasonal Special,not_dish
Buffet,not_dish
Lunch Buffet,not_dish
Dinner Buffet,not_dish
Brunch,not_dish
Set Menu,not_dish
Tasting Menu,not_dish
All Day Menu,not_dish
Breakfast,not_dish
Lunch,not_dish
Dinner,not_dish
Snacks,not_dish
Bakery,not_dish
Pastries,not_dish
Platter,not_dish
Combo,not_dish
Combo Offer,not_dish
Value Meal,not_dish
Meal Deal,not_dish
Kids Menu,not_dish
Family Pack,not_dish
Party Pack,not_dish
Specials,not_dish
Signature,not_dish
Best Seller,not_dish
Recommended,not_dish
Popular Choice,not_dish
Low Calorie,not_dish
Low Fat,not_dish
Sugar Free,not_dish
Healthy Options,not_dish
Allergen Info,not_dish
Contains Nuts,not_dish
Contains Dairy,not_dish
Contains Gluten,not_dish
Contains Egg,not_dish
Nut Allergy,not_dish
Shellfish Allergy,not_dish
Vegetarian Mark,not_dish
Non-Vegetarian Mark,not_dish
Green Dot,not_dish
Brown Dot,not_dish
Price List,not_dish
MRP,not_dish
Taxes Extra,not_dish
GST Extra,not_dish
Tax Included,not_dish
Service Charge,not_dish
No Service Charge,not_dish
Discount,not_dish
Offer,not_dish
Promo Code,not_dish
Coupon Code,not_dish
Bill Details,not_dish
Amount Payable,not_dish
No Outside Food,not_dish
Delivery Menu,not_dish
Takeaway Menu,not_dish
Minimum Order,not_dish
Maximum Order,not_dish
Open Daily,not_dish
Sunday Closed,not_dish
Monday Closed,not_dish
Reservation Only,not_dish
By Reservation,not_dish
Table Number,not_dish
Table Reserved,not_dish
Waiting Area,not_dish
Dine-In Only,not_dish
Takeaway Only,not_dish
Home Delivery,not_dish
Express Delivery,not_dish
Order Online,not_dish
Contactless Payment,not_dish
Online Exclusive,not_dish
Happy Hours,not_dish
Last Order,not_dish
Opening Hours,not_dish
Closing Hours,not_dish
Open Now,not_dish
Closed,not_dish
Restrooms,not_dish
Valet Parking,not_dish
Free WiFi,not_dish
Manager,not_dish
Service Staff,not_dish
Chef’s Note,not_dish
Special Instructions,not_dish
No Dine-In,not_dish
No Smoking,not_dish
No Pets Allowed,not_dish
CCTV Surveillance,not_dish
text,label
Menu,not_dish
Starters,not_dish
Appetizers,not_dish
Salads,not_dish
Soups,not_dish
Main Course,not_dish
Entrées,not_dish
Desserts,not_dish
Drinks,not_dish
Beverages,not_dish
Alcoholic Beverages,not_dish
Cocktails,not_dish
Mocktails,not_dish
Shakes,not_dish
Juices,not_dish
Smoothies,not_dish
Sundaes,not_dish
Ice Cream,not_dish
Toppings,not_dish
Sides,not_dish
Extras,not_dish
Add-ons,not_dish
Veg,not_dish
Non-Veg,not_dish
Jain,not_dish
Vegan,not_dish
Gluten Free,not_dish
Dairy Free,not_dish
Eggless,not_dish
Spicy,not_dish
Mild,not_dish
Chef's Special,not_dish
Today's Special,not_dish
Seasonal Special,not_dish
Buffet,not_dish
Lunch Buffet,not_dish
Dinner Buffet,not_dish
Brunch,not_dish
Set Menu,not_dish
Tasting Menu,not_dish
All Day Menu,not_dish
Breakfast,not_dish
Lunch,not_dish
Dinner,not_dish
Snacks,not_dish
Bakery,not_dish
Pastries,not_dish
Platter,not_dish
Combo,not_dish
Combo Offer,not_dish
Value Meal,not_dish
Meal Deal,not_dish
Kids Menu,not_dish
Family Pack,not_dish
Party Pack,not_dish
Specials,not_dish
Signature,not_dish
Best Seller,not_dish
Recommended,not_dish
Popular Choice,not_dish
Low Calorie,not_dish
Low Fat,not_dish
Sugar Free,not_dish
Healthy Options,not_dish
Allergen Info,not_dish
Contains Nuts,not_dish
Contains Dairy,not_dish
Contains Gluten,not_dish
Contains Egg,not_dish
Nut Allergy,not_dish
Shellfish Allergy,not_dish
Vegetarian Mark,not_dish
Non-Vegetarian Mark,not_dish
Green Dot,not_dish
Brown Dot,not_dish
Price List,not_dish
MRP,not_dish
Taxes Extra,not_dish
GST Extra,not_dish
Tax Included,not_dish
Service Charge,not_dish
No Service Charge,not_dish
Discount,not_dish
Offer,not_dish
Promo Code,not_dish
Coupon Code,not_dish
Bill Details,not_dish
Amount Payable,not_dish
No Outside Food,not_dish
Delivery Menu,not_dish
Takeaway Menu,not_dish
Minimum Order,not_dish
Maximum Order,not_dish
Open Daily,not_dish
Sunday Closed,not_dish
Monday Closed,not_dish
Reservation Only,not_dish
By Reservation,not_dish
Table Number,not_dish
Table Reserved,not_dish
Waiting Area,not_dish
Dine-In Only,not_dish
Takeaway Only,not_dish
Home Delivery,not_dish
Express Delivery,not_dish
Order Online,not_dish
Contactless Payment,not_dish
Online Exclusive,not_dish
Happy Hours,not_dish
Last Order,not_dish
Opening Hours,not_dish
Closing Hours,not_dish
Open Now,not_dish
Closed,not_dish
Restrooms,not_dish
Valet Parking,not_dish
Free WiFi,not_dish
Manager,not_dish
Service Staff,not_dish
Chef’s Note,not_dish
Special Instructions,not_dish
No Dine-In,not_dish
No Smoking,not_dish
No Pets Allowed,not_dish
CCTV Surveillance,not_dish
text,label
Table Number,not_dish
Table 1,not_dish
Table 2,not_dish
Seat Number,not_dish
Order Number,not_dish
Order #12345,not_dish
Qty,not_dish
Quantity,not_dish
Serving Size,not_dish
Portion Size,not_dish
GST 5%,not_dish
GST 12%,not_dish
GST 18%,not_dish
GST Extra,not_dish
Service Tax,not_dish
Service Charge,not_dish
No Service Charge,not_dish
Tax Included,not_dish
Inclusive of Taxes,not_dish
Taxes Extra,not_dish
Price Exclusive of Taxes,not_dish
Bill Details,not_dish
Amount Payable,not_dish
Total Amount,not_dish
MRP,not_dish
Payment Due,not_dish
Cash Counter,not_dish
Welcome!,not_dish
Welcome to [Restaurant Name],not_dish
Welcome Back!,not_dish
Thank You for Visiting,not_dish
We Appreciate Your Patronage,not_dish
Enjoy Your Meal!,not_dish
Warm Welcome,not_dish
Greetings!,not_dish
Please Wait to be Seated,not_dish
Reserved for You,not_dish
Welcome Guests,not_dish
Happy Dining!,not_dish
Welcome Drinks,not_dish
Welcome Specials,not_dish
Welcome Offer,not_dish
Table Reserved,not_dish
Thank You!,not_dish
